Sample in Buffer,Sample in Window,TRIGGER,rx_inst/es_point_index[15:0],rx_inst/es_error_count[15:0],rx_inst/es_sample_count[15:0],rx_inst/es_horz_offset[11:0],rx_inst/es_vert_offset[8:0],rx_inst/es_point_valid
Radix - UNSIGNED,UNSIGNED,UNSIGNED,UNSIGNED,HEX,HEX,HEX,HEX,HEX
0,0,1,1,ffff,00bd,fc0,0fe,1
1,1,0,2,ffff,00b4,fc4,0fe,1
2,2,0,3,ffff,00a9,fc8,0fe,1
3,3,0,4,ffff,009d,fcc,0fe,1
4,4,0,5,ffff,008f,fd0,0fe,1
5,5,0,6,ffff,008a,fd4,0fe,1
6,6,0,7,ffff,0089,fd8,0fe,1
7,7,0,8,ffff,0087,fdc,0fe,1
8,8,0,9,ffff,008a,fe0,0fe,1
9,9,0,10,ffff,0088,fe4,0fe,1
10,10,0,11,ffff,009a,fe8,0fe,1
11,11,0,12,ffff,00cd,fec,0fe,1
12,12,0,13,ffff,00cd,ff0,0fe,1
13,13,0,14,ffff,00cd,ff4,0fe,1
14,14,0,15,ffff,00cd,ff8,0fe,1
15,15,0,16,ffff,00cd,ffc,0fe,1
16,16,0,17,ffff,00cc,000,0fe,1
17,17,0,18,ffff,00cd,004,0fe,1
18,18,0,19,ffff,00ce,008,0fe,1
19,19,0,20,ffff,00cd,00c,0fe,1
20,20,0,21,ffff,00ce,010,0fe,1
21,21,0,22,ffff,00cd,014,0fe,1
22,22,0,23,ffff,00cc,018,0fe,1
23,23,0,24,ffff,00cc,01c,0fe,1
24,24,0,25,ffff,00cd,020,0fe,1
25,25,0,26,ffff,00cb,024,0fe,1
26,26,0,27,ffff,00cb,028,0fe,1
27,27,0,28,ffff,00cb,02c,0fe,1
28,28,0,29,ffff,00ca,030,0fe,1
29,29,0,30,ffff,00ca,034,0fe,1
30,30,0,31,ffff,00c9,038,0fe,1
31,31,0,32,ffff,00cb,03c,0fe,1
32,32,0,33,ffff,00ce,040,0fe,1
33,33,0,34,ffff,00bc,fc0,0f8,1
34,34,0,35,ffff,00b3,fc4,0f8,1
35,35,0,36,ffff,00a6,fc8,0f8,1
36,36,0,37,ffff,009a,fcc,0f8,1
37,37,0,38,ffff,008e,fd0,0f8,1
38,38,0,39,ffff,008a,fd4,0f8,1
39,39,0,40,ffff,0089,fd8,0f8,1
40,40,0,41,ffff,0088,fdc,0f8,1
41,41,0,42,ffff,0088,fe0,0f8,1
42,42,0,43,ffff,0089,fe4,0f8,1
43,43,0,44,ffff,0097,fe8,0f8,1
44,44,0,45,ffff,00cc,fec,0f8,1
45,45,0,46,ffff,00ce,ff0,0f8,1
46,46,0,47,ffff,00cc,ff4,0f8,1
47,47,0,48,ffff,00ce,ff8,0f8,1
48,48,0,49,ffff,00cd,ffc,0f8,1
49,49,0,50,ffff,00cd,000,0f8,1
50,50,0,51,ffff,00cc,004,0f8,1
51,51,0,52,ffff,00cd,008,0f8,1
52,52,0,53,ffff,00ce,00c,0f8,1
53,53,0,54,ffff,00cc,010,0f8,1
54,54,0,55,ffff,00cd,014,0f8,1
55,55,0,56,ffff,00ce,018,0f8,1
56,56,0,57,ffff,00cc,01c,0f8,1
57,57,0,58,ffff,00cd,020,0f8,1
58,58,0,59,ffff,00cd,024,0f8,1
59,59,0,60,ffff,00cd,028,0f8,1
60,60,0,61,ffff,00cb,02c,0f8,1
61,61,0,62,ffff,00ca,030,0f8,1
62,62,0,63,ffff,00c9,034,0f8,1
63,63,0,64,ffff,00ca,038,0f8,1
64,64,0,65,ffff,00ca,03c,0f8,1
65,65,0,66,ffff,00cb,040,0f8,1
66,66,0,67,ffff,00bf,fc0,0f2,1
67,67,0,68,ffff,00b3,fc4,0f2,1
68,68,0,69,ffff,00a7,fc8,0f2,1
69,69,0,70,ffff,0097,fcc,0f2,1
70,70,0,71,ffff,008c,fd0,0f2,1
71,71,0,72,ffff,0089,fd4,0f2,1
72,72,0,73,ffff,0089,fd8,0f2,1
73,73,0,74,ffff,0089,fdc,0f2,1
74,74,0,75,ffff,0088,fe0,0f2,1
75,75,0,76,ffff,0089,fe4,0f2,1
76,76,0,77,ffff,0097,fe8,0f2,1
77,77,0,78,ffff,00cd,fec,0f2,1
78,78,0,79,ffff,00cd,ff0,0f2,1
79,79,0,80,ffff,00cd,ff4,0f2,1
80,80,0,81,ffff,00cd,ff8,0f2,1
81,81,0,82,ffff,00cc,ffc,0f2,1
82,82,0,83,ffff,00cd,000,0f2,1
83,83,0,84,ffff,00ce,004,0f2,1
84,84,0,85,ffff,00cc,008,0f2,1
85,85,0,86,ffff,00cd,00c,0f2,1
86,86,0,87,ffff,00cc,010,0f2,1
87,87,0,88,ffff,00cd,014,0f2,1
88,88,0,89,ffff,00cd,018,0f2,1
89,89,0,90,ffff,00ce,01c,0f2,1
90,90,0,91,ffff,00cd,020,0f2,1
91,91,0,92,ffff,00cb,024,0f2,1
92,92,0,93,ffff,00cd,028,0f2,1
93,93,0,94,ffff,00cb,02c,0f2,1
94,94,0,95,ffff,00c9,030,0f2,1
95,95,0,96,ffff,00ca,034,0f2,1
96,96,0,97,ffff,00c7,038,0f2,1
97,97,0,98,ffff,00c8,03c,0f2,1
98,98,0,99,ffff,00c8,040,0f2,1
99,99,0,100,ffff,00c9,fc0,0ec,1
100,100,0,101,ffff,00ba,fc4,0ec,1
101,101,0,102,ffff,00aa,fc8,0ec,1
102,102,0,103,ffff,0099,fcc,0ec,1
103,103,0,104,ffff,008e,fd0,0ec,1
104,104,0,105,ffff,0089,fd4,0ec,1
105,105,0,106,ffff,0088,fd8,0ec,1
106,106,0,107,ffff,0088,fdc,0ec,1
107,107,0,108,ffff,0089,fe0,0ec,1
108,108,0,109,ffff,0088,fe4,0ec,1
109,109,0,110,ffff,0098,fe8,0ec,1
110,110,0,111,ffff,00cd,fec,0ec,1
111,111,0,112,ffff,00cd,ff0,0ec,1
112,112,0,113,ffff,00cc,ff4,0ec,1
113,113,0,114,ffff,00cd,ff8,0ec,1
114,114,0,115,ffff,00cd,ffc,0ec,1
115,115,0,116,ffff,00ce,000,0ec,1
116,116,0,117,ffff,00cc,004,0ec,1
117,117,0,118,ffff,00cd,008,0ec,1
118,118,0,119,ffff,00cd,00c,0ec,1
119,119,0,120,ffff,00cd,010,0ec,1
120,120,0,121,ffff,00cc,014,0ec,1
121,121,0,122,ffff,00cd,018,0ec,1
122,122,0,123,ffff,00cd,01c,0ec,1
123,123,0,124,ffff,00cc,020,0ec,1
124,124,0,125,ffff,00cd,024,0ec,1
125,125,0,126,ffff,00cc,028,0ec,1
126,126,0,127,ffff,00cd,02c,0ec,1
127,127,0,128,ffff,00cb,030,0ec,1
128,128,0,129,ffff,00ca,034,0ec,1
129,129,0,130,ffff,00c9,038,0ec,1
130,130,0,131,ffff,00c8,03c,0ec,1
131,131,0,132,ffff,00c7,040,0ec,1
132,132,0,133,ffff,00d5,fc0,0e6,1
133,133,0,134,ffff,00c7,fc4,0e6,1
134,134,0,135,ffff,00b2,fc8,0e6,1
135,135,0,136,ffff,009d,fcc,0e6,1
136,136,0,137,ffff,0090,fd0,0e6,1
137,137,0,138,ffff,008c,fd4,0e6,1
138,138,0,139,ffff,008a,fd8,0e6,1
139,139,0,140,ffff,0089,fdc,0e6,1
140,140,0,141,ffff,008a,fe0,0e6,1
141,141,0,142,ffff,0088,fe4,0e6,1
142,142,0,143,ffff,00a1,fe8,0e6,1
143,143,0,144,ffff,00cd,fec,0e6,1
144,144,0,145,ffff,00ce,ff0,0e6,1
145,145,0,146,ffff,00ce,ff4,0e6,1
146,146,0,147,ffff,00cd,ff8,0e6,1
147,147,0,148,ffff,00cd,ffc,0e6,1
148,148,0,149,ffff,00cd,000,0e6,1
149,149,0,150,ffff,00cd,004,0e6,1
150,150,0,151,ffff,00cd,008,0e6,1
151,151,0,152,ffff,00cd,00c,0e6,1
152,152,0,153,ffff,00cc,010,0e6,1
153,153,0,154,ffff,00cd,014,0e6,1
154,154,0,155,ffff,00ce,018,0e6,1
155,155,0,156,ffff,00cd,01c,0e6,1
156,156,0,157,ffff,00cc,020,0e6,1
157,157,0,158,ffff,00cc,024,0e6,1
158,158,0,159,ffff,00cd,028,0e6,1
159,159,0,160,ffff,00cb,02c,0e6,1
160,160,0,161,ffff,00cc,030,0e6,1
161,161,0,162,ffff,00cd,034,0e6,1
162,162,0,163,ffff,00ca,038,0e6,1
163,163,0,164,ffff,00cb,03c,0e6,1
164,164,0,165,ffff,00c9,040,0e6,1
165,165,0,166,ffff,00e1,fc0,0e0,1
166,166,0,167,ffff,00cf,fc4,0e0,1
167,167,0,168,ffff,00bd,fc8,0e0,1
168,168,0,169,ffff,00a5,fcc,0e0,1
169,169,0,170,ffff,0097,fd0,0e0,1
170,170,0,171,ffff,0094,fd4,0e0,1
171,171,0,172,ffff,0090,fd8,0e0,1
172,172,0,173,ffff,008f,fdc,0e0,1
173,173,0,174,ffff,008d,fe0,0e0,1
174,174,0,175,ffff,008b,fe4,0e0,1
175,175,0,176,ffff,0099,fe8,0e0,1
176,176,0,177,ffff,00cc,fec,0e0,1
177,177,0,178,ffff,00cc,ff0,0e0,1
178,178,0,179,ffff,00cd,ff4,0e0,1
179,179,0,180,ffff,00cd,ff8,0e0,1
180,180,0,181,ffff,00ce,ffc,0e0,1
181,181,0,182,ffff,00cd,000,0e0,1
182,182,0,183,ffff,00cc,004,0e0,1
183,183,0,184,ffff,00ce,008,0e0,1
184,184,0,185,ffff,00cd,00c,0e0,1
185,185,0,186,ffff,00cc,010,0e0,1
186,186,0,187,ffff,00cc,014,0e0,1
187,187,0,188,ffff,00cd,018,0e0,1
188,188,0,189,ffff,00cd,01c,0e0,1
189,189,0,190,ffff,00cd,020,0e0,1
190,190,0,191,ffff,00cc,024,0e0,1
191,191,0,192,ffff,00cc,028,0e0,1
192,192,0,193,ffff,00cd,02c,0e0,1
193,193,0,194,ffff,00cc,030,0e0,1
194,194,0,195,ffff,00cc,034,0e0,1
195,195,0,196,ffff,00cc,038,0e0,1
196,196,0,197,ffff,00cb,03c,0e0,1
197,197,0,198,ffff,00cc,040,0e0,1
198,198,0,199,ffff,00e4,fc0,0da,1
199,199,0,200,ffff,00d4,fc4,0da,1
200,200,0,201,ffff,00be,fc8,0da,1
201,201,0,202,ffff,00aa,fcc,0da,1
202,202,0,203,ffff,009f,fd0,0da,1
203,203,0,204,ffff,009c,fd4,0da,1
204,204,0,205,ffff,0098,fd8,0da,1
205,205,0,206,ffff,0098,fdc,0da,1
206,206,0,207,ffff,0096,fe0,0da,1
207,207,0,208,ffff,0094,fe4,0da,1
208,208,0,209,ffff,009a,fe8,0da,1
209,209,0,210,ffff,00cd,fec,0da,1
210,210,0,211,ffff,00cc,ff0,0da,1
211,211,0,212,ffff,00ce,ff4,0da,1
212,212,0,213,ffff,00ce,ff8,0da,1
213,213,0,214,ffff,00cc,ffc,0da,1
214,214,0,215,ffff,00cd,000,0da,1
215,215,0,216,ffff,00cc,004,0da,1
216,216,0,217,ffff,00cd,008,0da,1
217,217,0,218,ffff,00cd,00c,0da,1
218,218,0,219,ffff,00cc,010,0da,1
219,219,0,220,ffff,00cb,014,0da,1
220,220,0,221,ffff,00cd,018,0da,1
221,221,0,222,ffff,00cc,01c,0da,1
222,222,0,223,ffff,00cd,020,0da,1
223,223,0,224,ffff,00cc,024,0da,1
224,224,0,225,ffff,00cc,028,0da,1
225,225,0,226,ffff,00cd,02c,0da,1
226,226,0,227,ffff,00cc,030,0da,1
227,227,0,228,ffff,00cd,034,0da,1
228,228,0,229,ffff,00ce,038,0da,1
229,229,0,230,ffff,00cd,03c,0da,1
230,230,0,231,ffff,00cb,040,0da,1
231,231,0,232,ffff,00ea,fc0,0d4,1
232,232,0,233,ffff,00d2,fc4,0d4,1
233,233,0,234,ffff,00bc,fc8,0d4,1
234,234,0,235,ffff,00ab,fcc,0d4,1
235,235,0,236,ffff,00a6,fd0,0d4,1
236,236,0,237,ffff,00a4,fd4,0d4,1
237,237,0,238,ffff,00a4,fd8,0d4,1
238,238,0,239,ffff,00a0,fdc,0d4,1
239,239,0,240,ffff,00a0,fe0,0d4,1
240,240,0,241,ffff,00a0,fe4,0d4,1
241,241,0,242,ffff,00ab,fe8,0d4,1
242,242,0,243,ffff,00cc,fec,0d4,1
243,243,0,244,ffff,00cd,ff0,0d4,1
244,244,0,245,ffff,00cd,ff4,0d4,1
245,245,0,246,ffff,00cb,ff8,0d4,1
246,246,0,247,ffff,00cd,ffc,0d4,1
247,247,0,248,ffff,00c5,000,0d4,1
248,248,0,249,ffff,00c3,004,0d4,1
249,249,0,250,ffff,00c0,008,0d4,1
250,250,0,251,ffff,00c2,00c,0d4,1
251,251,0,252,ffff,00c3,010,0d4,1
252,252,0,253,ffff,00c4,014,0d4,1
253,253,0,254,ffff,00c4,018,0d4,1
254,254,0,255,ffff,00c4,01c,0d4,1
255,255,0,256,ffff,00c6,020,0d4,1
256,256,0,257,ffff,00c9,024,0d4,1
257,257,0,258,ffff,00ca,028,0d4,1
258,258,0,259,ffff,00ca,02c,0d4,1
259,259,0,260,ffff,00cb,030,0d4,1
260,260,0,261,ffff,00cb,034,0d4,1
261,261,0,262,ffff,00cc,038,0d4,1
262,262,0,263,ffff,00cd,03c,0d4,1
263,263,0,264,ffff,00cd,040,0d4,1
264,264,0,265,ffff,00e8,fc0,0ce,1
265,265,0,266,ffff,00d5,fc4,0ce,1
266,266,0,267,ffff,00bd,fc8,0ce,1
267,267,0,268,ffff,00ab,fcc,0ce,1
268,268,0,269,ffff,00a5,fd0,0ce,1
269,269,0,270,ffff,00a5,fd4,0ce,1
270,270,0,271,ffff,00a5,fd8,0ce,1
271,271,0,272,ffff,00a4,fdc,0ce,1
272,272,0,273,ffff,00a4,fe0,0ce,1
273,273,0,274,ffff,00a4,fe4,0ce,1
274,274,0,275,ffff,00ab,fe8,0ce,1
275,275,0,276,ffff,00cd,fec,0ce,1
276,276,0,277,ffff,00cc,ff0,0ce,1
277,277,0,278,ffff,00cb,ff4,0ce,1
278,278,0,279,ffff,00cc,ff8,0ce,1
279,279,0,280,ffff,00cc,ffc,0ce,1
280,280,0,281,ffff,00bf,000,0ce,1
281,281,0,282,ffff,00bf,004,0ce,1
282,282,0,283,ffff,00c2,008,0ce,1
283,283,0,284,ffff,00c3,00c,0ce,1
284,284,0,285,ffff,00c6,010,0ce,1
285,285,0,286,ffff,00c7,014,0ce,1
286,286,0,287,ffff,00c6,018,0ce,1
287,287,0,288,ffff,00c8,01c,0ce,1
288,288,0,289,ffff,00c7,020,0ce,1
289,289,0,290,ffff,00c3,024,0ce,1
290,290,0,291,ffff,00c2,028,0ce,1
291,291,0,292,ffff,00c2,02c,0ce,1
292,292,0,293,ffff,00c3,030,0ce,1
293,293,0,294,ffff,00c2,034,0ce,1
294,294,0,295,ffff,00c4,038,0ce,1
295,295,0,296,ffff,00c8,03c,0ce,1
296,296,0,297,ffff,00c9,040,0ce,1
297,297,0,298,ffff,00f7,fc0,0c8,1
298,298,0,299,ffff,00e0,fc4,0c8,1
299,299,0,300,ffff,00c9,fc8,0c8,1
300,300,0,301,ffff,00b2,fcc,0c8,1
301,301,0,302,ffff,00ab,fd0,0c8,1
302,302,0,303,ffff,00a8,fd4,0c8,1
303,303,0,304,ffff,00aa,fd8,0c8,1
304,304,0,305,ffff,00ab,fdc,0c8,1
305,305,0,306,ffff,00aa,fe0,0c8,1
306,306,0,307,ffff,00a9,fe4,0c8,1
307,307,0,308,ffff,00b2,fe8,0c8,1
308,308,0,309,ffff,00cd,fec,0c8,1
309,309,0,310,ffff,00cc,ff0,0c8,1
310,310,0,311,ffff,00cd,ff4,0c8,1
311,311,0,312,ffff,00cd,ff8,0c8,1
312,312,0,313,ffff,00cc,ffc,0c8,1
313,313,0,314,ffff,00c7,000,0c8,1
314,314,0,315,ffff,00c5,004,0c8,1
315,315,0,316,ffff,00c4,008,0c8,1
316,316,0,317,ffff,00c6,00c,0c8,1
317,317,0,318,ffff,00c8,010,0c8,1
318,318,0,319,ffff,00c8,014,0c8,1
319,319,0,320,ffff,00c9,018,0c8,1
320,320,0,321,ffff,00cb,01c,0c8,1
321,321,0,322,ffff,00ca,020,0c8,1
322,322,0,323,ffff,00c7,024,0c8,1
323,323,0,324,ffff,00ca,028,0c8,1
324,324,0,325,ffff,00ca,02c,0c8,1
325,325,0,326,ffff,00c9,030,0c8,1
326,326,0,327,ffff,00c8,034,0c8,1
327,327,0,328,ffff,00c8,038,0c8,1
328,328,0,329,ffff,00c8,03c,0c8,1
329,329,0,330,ffff,00c9,040,0c8,1
330,330,0,331,ffff,010d,fc0,0c2,1
331,331,0,332,ffff,00f4,fc4,0c2,1
332,332,0,333,ffff,00d7,fc8,0c2,1
333,333,0,334,ffff,00bf,fcc,0c2,1
334,334,0,335,ffff,00be,fd0,0c2,1
335,335,0,336,ffff,00c1,fd4,0c2,1
336,336,0,337,ffff,00c1,fd8,0c2,1
337,337,0,338,ffff,00c0,fdc,0c2,1
338,338,0,339,ffff,00bd,fe0,0c2,1
339,339,0,340,ffff,00bc,fe4,0c2,1
340,340,0,341,ffff,00c2,fe8,0c2,1
341,341,0,342,ffff,00cc,fec,0c2,1
342,342,0,343,ffff,00cc,ff0,0c2,1
343,343,0,344,ffff,00cb,ff4,0c2,1
344,344,0,345,ffff,00cd,ff8,0c2,1
345,345,0,346,ffff,00cc,ffc,0c2,1
346,346,0,347,ffff,00c1,000,0c2,1
347,347,0,348,ffff,00c0,004,0c2,1
348,348,0,349,ffff,00c2,008,0c2,1
349,349,0,350,ffff,00c2,00c,0c2,1
350,350,0,351,ffff,00c2,010,0c2,1
351,351,0,352,ffff,00c3,014,0c2,1
352,352,0,353,ffff,00c1,018,0c2,1
353,353,0,354,ffff,00c2,01c,0c2,1
354,354,0,355,ffff,00c2,020,0c2,1
355,355,0,356,ffff,00c3,024,0c2,1
356,356,0,357,ffff,00c5,028,0c2,1
357,357,0,358,ffff,00c7,02c,0c2,1
358,358,0,359,ffff,00c4,030,0c2,1
359,359,0,360,ffff,00c5,034,0c2,1
360,360,0,361,ffff,00c7,038,0c2,1
361,361,0,362,ffff,00c6,03c,0c2,1
362,362,0,363,ffff,00c7,040,0c2,1
363,363,0,364,ffff,0133,fc0,0bc,1
364,364,0,365,ffff,0108,fc4,0bc,1
365,365,0,366,ffff,00e7,fc8,0bc,1
366,366,0,367,ffff,00d2,fcc,0bc,1
367,367,0,368,ffff,00ca,fd0,0bc,1
368,368,0,369,ffff,00cb,fd4,0bc,1
369,369,0,370,ffff,00c9,fd8,0bc,1
370,370,0,371,ffff,00cb,fdc,0bc,1
371,371,0,372,ffff,00ca,fe0,0bc,1
372,372,0,373,ffff,00cb,fe4,0bc,1
373,373,0,374,ffff,00c9,fe8,0bc,1
374,374,0,375,ffff,00cd,fec,0bc,1
375,375,0,376,ffff,00cc,ff0,0bc,1
376,376,0,377,ffff,00ce,ff4,0bc,1
377,377,0,378,ffff,00cc,ff8,0bc,1
378,378,0,379,ffff,00cb,ffc,0bc,1
379,379,0,380,ffff,00c8,000,0bc,1
380,380,0,381,ffff,00ca,004,0bc,1
381,381,0,382,ffff,00ca,008,0bc,1
382,382,0,383,ffff,00cc,00c,0bc,1
383,383,0,384,ffff,00cb,010,0bc,1
384,384,0,385,ffff,00ca,014,0bc,1
385,385,0,386,ffff,00ca,018,0bc,1
386,386,0,387,ffff,00cb,01c,0bc,1
387,387,0,388,ffff,00cc,020,0bc,1
388,388,0,389,ffff,00cb,024,0bc,1
389,389,0,390,ffff,00cb,028,0bc,1
390,390,0,391,ffff,00cb,02c,0bc,1
391,391,0,392,ffff,00cb,030,0bc,1
392,392,0,393,ffff,00cb,034,0bc,1
393,393,0,394,ffff,00cb,038,0bc,1
394,394,0,395,ffff,00cc,03c,0bc,1
395,395,0,396,ffff,00cd,040,0bc,1
396,396,0,397,ffff,013e,fc0,0b6,1
397,397,0,398,ffff,010b,fc4,0b6,1
398,398,0,399,ffff,00e3,fc8,0b6,1
399,399,0,400,ffff,00d2,fcc,0b6,1
400,400,0,401,ffff,00ce,fd0,0b6,1
401,401,0,402,ffff,00ce,fd4,0b6,1
402,402,0,403,ffff,00cd,fd8,0b6,1
403,403,0,404,ffff,00cd,fdc,0b6,1
404,404,0,405,ffff,00cd,fe0,0b6,1
405,405,0,406,ffff,00ce,fe4,0b6,1
406,406,0,407,ffff,00cd,fe8,0b6,1
407,407,0,408,ffff,00cd,fec,0b6,1
408,408,0,409,ffff,00cd,ff0,0b6,1
409,409,0,410,ffff,00cd,ff4,0b6,1
410,410,0,411,ffff,00cc,ff8,0b6,1
411,411,0,412,ffff,00cd,ffc,0b6,1
412,412,0,413,ffff,00cc,000,0b6,1
413,413,0,414,ffff,00cc,004,0b6,1
414,414,0,415,ffff,00cd,008,0b6,1
415,415,0,416,ffff,00ce,00c,0b6,1
416,416,0,417,ffff,00cd,010,0b6,1
417,417,0,418,ffff,00ce,014,0b6,1
418,418,0,419,ffff,00cd,018,0b6,1
419,419,0,420,ffff,00ce,01c,0b6,1
420,420,0,421,ffff,00cd,020,0b6,1
421,421,0,422,ffff,00ce,024,0b6,1
422,422,0,423,ffff,00cd,028,0b6,1
423,423,0,424,ffff,00cc,02c,0b6,1
424,424,0,425,ffff,00cc,030,0b6,1
425,425,0,426,ffff,00cd,034,0b6,1
426,426,0,427,ffff,00cb,038,0b6,1
427,427,0,428,ffff,00cd,03c,0b6,1
428,428,0,429,ffff,00cd,040,0b6,1
429,429,0,430,ffff,0140,fc0,0b0,1
430,430,0,431,ffff,0107,fc4,0b0,1
431,431,0,432,ffff,00e3,fc8,0b0,1
432,432,0,433,ffff,00d2,fcc,0b0,1
433,433,0,434,ffff,00cb,fd0,0b0,1
434,434,0,435,ffff,00ce,fd4,0b0,1
435,435,0,436,ffff,00cb,fd8,0b0,1
436,436,0,437,ffff,00cd,fdc,0b0,1
437,437,0,438,ffff,00ce,fe0,0b0,1
438,438,0,439,ffff,00cd,fe4,0b0,1
439,439,0,440,ffff,00cc,fe8,0b0,1
440,440,0,441,ffff,00cc,fec,0b0,1
441,441,0,442,ffff,00ce,ff0,0b0,1
442,442,0,443,ffff,00cc,ff4,0b0,1
443,443,0,444,ffff,00cd,ff8,0b0,1
444,444,0,445,ffff,00cd,ffc,0b0,1
445,445,0,446,ffff,00cd,000,0b0,1
446,446,0,447,ffff,00cd,004,0b0,1
447,447,0,448,ffff,00cc,008,0b0,1
448,448,0,449,ffff,00ce,00c,0b0,1
449,449,0,450,ffff,00cd,010,0b0,1
450,450,0,451,ffff,00ce,014,0b0,1
451,451,0,452,ffff,00cd,018,0b0,1
452,452,0,453,ffff,00cd,01c,0b0,1
453,453,0,454,ffff,00cc,020,0b0,1
454,454,0,455,ffff,00cc,024,0b0,1
455,455,0,456,ffff,00cc,028,0b0,1
456,456,0,457,ffff,00cd,02c,0b0,1
457,457,0,458,ffff,00cd,030,0b0,1
458,458,0,459,ffff,00cd,034,0b0,1
459,459,0,460,ffff,00cc,038,0b0,1
460,460,0,461,ffff,00cb,03c,0b0,1
461,461,0,462,ffff,00cc,040,0b0,1
462,462,0,463,ffff,0147,fc0,0aa,1
463,463,0,464,ffff,0103,fc4,0aa,1
464,464,0,465,ffff,00df,fc8,0aa,1
465,465,0,466,ffff,00d0,fcc,0aa,1
466,466,0,467,ffff,00cd,fd0,0aa,1
467,467,0,468,ffff,00cd,fd4,0aa,1
468,468,0,469,ffff,00ce,fd8,0aa,1
469,469,0,470,ffff,00cd,fdc,0aa,1
470,470,0,471,ffff,00ce,fe0,0aa,1
471,471,0,472,ffff,00cd,fe4,0aa,1
472,472,0,473,ffff,00ce,fe8,0aa,1
473,473,0,474,ffff,00cc,fec,0aa,1
474,474,0,475,ffff,00cc,ff0,0aa,1
475,475,0,476,ffff,00cd,ff4,0aa,1
476,476,0,477,ffff,00cc,ff8,0aa,1
477,477,0,478,ffff,00cf,ffc,0aa,1
478,478,0,479,ffff,00cd,000,0aa,1
479,479,0,480,ffff,00cc,004,0aa,1
480,480,0,481,ffff,00ce,008,0aa,1
481,481,0,482,ffff,00ce,00c,0aa,1
482,482,0,483,ffff,00cd,010,0aa,1
483,483,0,484,ffff,00cd,014,0aa,1
484,484,0,485,ffff,00cd,018,0aa,1
485,485,0,486,ffff,00cd,01c,0aa,1
486,486,0,487,ffff,00cc,020,0aa,1
487,487,0,488,ffff,00cd,024,0aa,1
488,488,0,489,ffff,00cd,028,0aa,1
489,489,0,490,ffff,00cd,02c,0aa,1
490,490,0,491,ffff,00cc,030,0aa,1
491,491,0,492,ffff,00cc,034,0aa,1
492,492,0,493,ffff,00cd,038,0aa,1
493,493,0,494,ffff,00cd,03c,0aa,1
494,494,0,495,ffff,00cd,040,0aa,1
495,495,0,496,ffff,014b,fc0,0a4,1
496,496,0,497,ffff,0101,fc4,0a4,1
497,497,0,498,ffff,00dd,fc8,0a4,1
498,498,0,499,ffff,00cf,fcc,0a4,1
499,499,0,500,ffff,00cd,fd0,0a4,1
500,500,0,501,ffff,00ce,fd4,0a4,1
501,501,0,502,ffff,00cd,fd8,0a4,1
502,502,0,503,ffff,00cc,fdc,0a4,1
503,503,0,504,ffff,00cf,fe0,0a4,1
504,504,0,505,ffff,00cc,fe4,0a4,1
505,505,0,506,ffff,00cd,fe8,0a4,1
506,506,0,507,ffff,00cd,fec,0a4,1
507,507,0,508,ffff,00ce,ff0,0a4,1
508,508,0,509,ffff,00cd,ff4,0a4,1
509,509,0,510,ffff,00cc,ff8,0a4,1
510,510,0,511,ffff,00cd,ffc,0a4,1
511,511,0,512,ffff,00ce,000,0a4,1
512,512,0,513,ffff,00cd,004,0a4,1
513,513,0,514,ffff,00cd,008,0a4,1
514,514,0,515,ffff,00cd,00c,0a4,1
515,515,0,516,ffff,00ce,010,0a4,1
516,516,0,517,ffff,00ca,014,0a4,1
517,517,0,518,ffff,00ce,018,0a4,1
518,518,0,519,ffff,00cc,01c,0a4,1
519,519,0,520,ffff,00cd,020,0a4,1
520,520,0,521,ffff,00cc,024,0a4,1
521,521,0,522,ffff,00cd,028,0a4,1
522,522,0,523,ffff,00ce,02c,0a4,1
523,523,0,524,ffff,00cd,030,0a4,1
524,524,0,525,ffff,00cd,034,0a4,1
525,525,0,526,ffff,00cd,038,0a4,1
526,526,0,527,ffff,00cc,03c,0a4,1
527,527,0,528,ffff,00cd,040,0a4,1
528,528,0,529,ffff,0150,fc0,09e,1
529,529,0,530,ffff,0106,fc4,09e,1
530,530,0,531,ffff,00d9,fc8,09e,1
531,531,0,532,ffff,00cf,fcc,09e,1
532,532,0,533,ffff,00cd,fd0,09e,1
533,533,0,534,ffff,00ce,fd4,09e,1
534,534,0,535,ffff,00cd,fd8,09e,1
535,535,0,536,ffff,00ce,fdc,09e,1
536,536,0,537,ffff,00cc,fe0,09e,1
537,537,0,538,ffff,00cd,fe4,09e,1
538,538,0,539,ffff,00ce,fe8,09e,1
539,539,0,540,ffff,00ce,fec,09e,1
540,540,0,541,ffff,00cd,ff0,09e,1
541,541,0,542,ffff,00cd,ff4,09e,1
542,542,0,543,ffff,00cd,ff8,09e,1
543,543,0,544,ffff,00cc,ffc,09e,1
544,544,0,545,ffff,00ce,000,09e,1
545,545,0,546,ffff,00ce,004,09e,1
546,546,0,547,ffff,00cd,008,09e,1
547,547,0,548,ffff,00cc,00c,09e,1
548,548,0,549,ffff,00cd,010,09e,1
549,549,0,550,ffff,00cd,014,09e,1
550,550,0,551,ffff,00cd,018,09e,1
551,551,0,552,ffff,00cc,01c,09e,1
552,552,0,553,ffff,00ca,020,09e,1
553,553,0,554,ffff,00cc,024,09e,1
554,554,0,555,ffff,00cd,028,09e,1
555,555,0,556,ffff,00ce,02c,09e,1
556,556,0,557,ffff,00cd,030,09e,1
557,557,0,558,ffff,00cc,034,09e,1
558,558,0,559,ffff,00cc,038,09e,1
559,559,0,560,ffff,00cc,03c,09e,1
560,560,0,561,ffff,00cd,040,09e,1
561,561,0,562,ffff,0150,fc0,098,1
562,562,0,563,ffff,00ff,fc4,098,1
563,563,0,564,ffff,00d9,fc8,098,1
564,564,0,565,ffff,00cf,fcc,098,1
565,565,0,566,ffff,00cc,fd0,098,1
566,566,0,567,ffff,00cd,fd4,098,1
567,567,0,568,ffff,00ce,fd8,098,1
568,568,0,569,ffff,00ce,fdc,098,1
569,569,0,570,ffff,00cb,fe0,098,1
570,570,0,571,ffff,00cd,fe4,098,1
571,571,0,572,ffff,00cd,fe8,098,1
572,572,0,573,ffff,00cd,fec,098,1
573,573,0,574,ffff,00cc,ff0,098,1
574,574,0,575,ffff,00cd,ff4,098,1
575,575,0,576,ffff,00cd,ff8,098,1
576,576,0,577,ffff,00cc,ffc,098,1
577,577,0,578,ffff,00cd,000,098,1
578,578,0,579,ffff,00cd,004,098,1
579,579,0,580,ffff,00cc,008,098,1
580,580,0,581,ffff,00ce,00c,098,1
581,581,0,582,ffff,00cd,010,098,1
582,582,0,583,ffff,00ce,014,098,1
583,583,0,584,ffff,00cd,018,098,1
584,584,0,585,ffff,00cd,01c,098,1
585,585,0,586,ffff,00cd,020,098,1
586,586,0,587,ffff,00cd,024,098,1
587,587,0,588,ffff,00cd,028,098,1
588,588,0,589,ffff,00cd,02c,098,1
589,589,0,590,ffff,00cd,030,098,1
590,590,0,591,ffff,00cc,034,098,1
591,591,0,592,ffff,00ce,038,098,1
592,592,0,593,ffff,00cd,03c,098,1
593,593,0,594,ffff,00cb,040,098,1
594,594,0,595,ffff,0152,fc0,092,1
595,595,0,596,ffff,0103,fc4,092,1
596,596,0,597,ffff,00d9,fc8,092,1
597,597,0,598,ffff,00cf,fcc,092,1
598,598,0,599,ffff,00cd,fd0,092,1
599,599,0,600,ffff,00ce,fd4,092,1
600,600,0,601,ffff,00ce,fd8,092,1
601,601,0,602,ffff,00cb,fdc,092,1
602,602,0,603,ffff,00cd,fe0,092,1
603,603,0,604,ffff,00cd,fe4,092,1
604,604,0,605,ffff,00ce,fe8,092,1
605,605,0,606,ffff,00cc,fec,092,1
606,606,0,607,ffff,00cc,ff0,092,1
607,607,0,608,ffff,00cd,ff4,092,1
608,608,0,609,ffff,00ce,ff8,092,1
609,609,0,610,ffff,00cc,ffc,092,1
610,610,0,611,ffff,00cc,000,092,1
611,611,0,612,ffff,00cc,004,092,1
612,612,0,613,ffff,00cd,008,092,1
613,613,0,614,ffff,00ce,00c,092,1
614,614,0,615,ffff,00cc,010,092,1
615,615,0,616,ffff,00cd,014,092,1
616,616,0,617,ffff,00cd,018,092,1
617,617,0,618,ffff,00cc,01c,092,1
618,618,0,619,ffff,00cd,020,092,1
619,619,0,620,ffff,00ce,024,092,1
620,620,0,621,ffff,00cc,028,092,1
621,621,0,622,ffff,00cd,02c,092,1
622,622,0,623,ffff,00ce,030,092,1
623,623,0,624,ffff,00cc,034,092,1
624,624,0,625,ffff,00cd,038,092,1
625,625,0,626,ffff,00cd,03c,092,1
626,626,0,627,ffff,00cd,040,092,1
627,627,0,628,ffff,015c,fc0,08c,1
628,628,0,629,ffff,00f9,fc4,08c,1
629,629,0,630,ffff,00d8,fc8,08c,1
630,630,0,631,ffff,00cf,fcc,08c,1
631,631,0,632,ffff,00cc,fd0,08c,1
632,632,0,633,ffff,00ce,fd4,08c,1
633,633,0,634,ffff,00cd,fd8,08c,1
634,634,0,635,ffff,00ce,fdc,08c,1
635,635,0,636,ffff,00cd,fe0,08c,1
636,636,0,637,ffff,00cc,fe4,08c,1
637,637,0,638,ffff,00cc,fe8,08c,1
638,638,0,639,ffff,00cd,fec,08c,1
639,639,0,640,ffff,00cc,ff0,08c,1
640,640,0,641,ffff,00cd,ff4,08c,1
641,641,0,642,ffff,00cc,ff8,08c,1
642,642,0,643,ffff,00ce,ffc,08c,1
643,643,0,644,ffff,00cc,000,08c,1
644,644,0,645,ffff,00ce,004,08c,1
645,645,0,646,ffff,00cd,008,08c,1
646,646,0,647,ffff,00cc,00c,08c,1
647,647,0,648,ffff,00cd,010,08c,1
648,648,0,649,ffff,00cd,014,08c,1
649,649,0,650,ffff,00ce,018,08c,1
650,650,0,651,ffff,00cd,01c,08c,1
651,651,0,652,ffff,00ce,020,08c,1
652,652,0,653,ffff,00cc,024,08c,1
653,653,0,654,ffff,00ce,028,08c,1
654,654,0,655,ffff,00ce,02c,08c,1
655,655,0,656,ffff,00cc,030,08c,1
656,656,0,657,ffff,00cd,034,08c,1
657,657,0,658,ffff,00cd,038,08c,1
658,658,0,659,ffff,00cd,03c,08c,1
659,659,0,660,ffff,00cd,040,08c,1
660,660,0,661,ffff,015c,fc0,086,1
661,661,0,662,ffff,0102,fc4,086,1
662,662,0,663,ffff,00d5,fc8,086,1
663,663,0,664,ffff,00ce,fcc,086,1
664,664,0,665,ffff,00ce,fd0,086,1
665,665,0,666,ffff,00cc,fd4,086,1
666,666,0,667,ffff,00cd,fd8,086,1
667,667,0,668,ffff,00cd,fdc,086,1
668,668,0,669,ffff,00cd,fe0,086,1
669,669,0,670,ffff,00ce,fe4,086,1
670,670,0,671,ffff,00cc,fe8,086,1
671,671,0,672,ffff,00cd,fec,086,1
672,672,0,673,ffff,00cd,ff0,086,1
673,673,0,674,ffff,00cd,ff4,086,1
674,674,0,675,ffff,00cc,ff8,086,1
675,675,0,676,ffff,00cd,ffc,086,1
676,676,0,677,ffff,00cd,000,086,1
677,677,0,678,ffff,00cc,004,086,1
678,678,0,679,ffff,00cd,008,086,1
679,679,0,680,ffff,00cc,00c,086,1
680,680,0,681,ffff,00cd,010,086,1
681,681,0,682,ffff,00ce,014,086,1
682,682,0,683,ffff,00cc,018,086,1
683,683,0,684,ffff,00cd,01c,086,1
684,684,0,685,ffff,00cd,020,086,1
685,685,0,686,ffff,00cd,024,086,1
686,686,0,687,ffff,00cd,028,086,1
687,687,0,688,ffff,00cd,02c,086,1
688,688,0,689,ffff,00ce,030,086,1
689,689,0,690,ffff,00cc,034,086,1
690,690,0,691,ffff,00cc,038,086,1
691,691,0,692,ffff,00cd,03c,086,1
692,692,0,693,ffff,00cd,040,086,1
693,693,0,694,ffff,015e,fc0,000,1
694,694,0,695,ffff,00fa,fc4,000,1
695,695,0,696,ffff,00d6,fc8,000,1
696,696,0,697,ffff,00cd,fcc,000,1
697,697,0,698,ffff,00cd,fd0,000,1
698,698,0,699,ffff,00cc,fd4,000,1
699,699,0,700,ffff,00cc,fd8,000,1
700,700,0,701,ffff,00cc,fdc,000,1
701,701,0,702,ffff,00ce,fe0,000,1
702,702,0,703,ffff,00cc,fe4,000,1
703,703,0,704,ffff,00ce,fe8,000,1
704,704,0,705,ffff,00ce,fec,000,1
705,705,0,706,ffff,00cf,ff0,000,1
706,706,0,707,ffff,00cc,ff4,000,1
707,707,0,708,ffff,00ce,ff8,000,1
708,708,0,709,ffff,00ce,ffc,000,1
709,709,0,710,ffff,00cc,000,000,1
710,710,0,711,ffff,00cd,004,000,1
711,711,0,712,ffff,00ce,008,000,1
712,712,0,713,ffff,00cd,00c,000,1
713,713,0,714,ffff,00ce,010,000,1
714,714,0,715,ffff,00cd,014,000,1
715,715,0,716,ffff,00cd,018,000,1
716,716,0,717,ffff,00cb,01c,000,1
717,717,0,718,ffff,00cd,020,000,1
718,718,0,719,ffff,00ce,024,000,1
719,719,0,720,ffff,00cc,028,000,1
720,720,0,721,ffff,00cd,02c,000,1
721,721,0,722,ffff,00ce,030,000,1
722,722,0,723,ffff,00cd,034,000,1
723,723,0,724,ffff,00cc,038,000,1
724,724,0,725,ffff,00ce,03c,000,1
725,725,0,726,ffff,00cd,040,000,1
726,726,0,727,ffff,0156,fc0,006,1
727,727,0,728,ffff,0103,fc4,006,1
728,728,0,729,ffff,00d5,fc8,006,1
729,729,0,730,ffff,00ce,fcc,006,1
730,730,0,731,ffff,00cd,fd0,006,1
731,731,0,732,ffff,00cc,fd4,006,1
732,732,0,733,ffff,00cc,fd8,006,1
733,733,0,734,ffff,00cd,fdc,006,1
734,734,0,735,ffff,00cc,fe0,006,1
735,735,0,736,ffff,00cd,fe4,006,1
736,736,0,737,ffff,00ce,fe8,006,1
737,737,0,738,ffff,00cd,fec,006,1
738,738,0,739,ffff,00cd,ff0,006,1
739,739,0,740,ffff,00cd,ff4,006,1
740,740,0,741,ffff,00cd,ff8,006,1
741,741,0,742,ffff,00ce,ffc,006,1
742,742,0,743,ffff,00cd,000,006,1
743,743,0,744,ffff,00cd,004,006,1
744,744,0,745,ffff,00cc,008,006,1
745,745,0,746,ffff,00cc,00c,006,1
746,746,0,747,ffff,00cd,010,006,1
747,747,0,748,ffff,00cd,014,006,1
748,748,0,749,ffff,00ce,018,006,1
749,749,0,750,ffff,00cd,01c,006,1
750,750,0,751,ffff,00cc,020,006,1
751,751,0,752,ffff,00cc,024,006,1
752,752,0,753,ffff,00cb,028,006,1
753,753,0,754,ffff,00ce,02c,006,1
754,754,0,755,ffff,00cc,030,006,1
755,755,0,756,ffff,00ce,034,006,1
756,756,0,757,ffff,00cd,038,006,1
757,757,0,758,ffff,00cc,03c,006,1
758,758,0,759,ffff,00cd,040,006,1
759,759,0,760,ffff,015f,fc0,00c,1
760,760,0,761,ffff,00fa,fc4,00c,1
761,761,0,762,ffff,00da,fc8,00c,1
762,762,0,763,ffff,00cf,fcc,00c,1
763,763,0,764,ffff,00cc,fd0,00c,1
764,764,0,765,ffff,00ce,fd4,00c,1
765,765,0,766,ffff,00ce,fd8,00c,1
766,766,0,767,ffff,00cb,fdc,00c,1
767,767,0,768,ffff,00cd,fe0,00c,1
768,768,0,769,ffff,00cd,fe4,00c,1
769,769,0,770,ffff,00cc,fe8,00c,1
770,770,0,771,ffff,00cd,fec,00c,1
771,771,0,772,ffff,00cc,ff0,00c,1
772,772,0,773,ffff,00cc,ff4,00c,1
773,773,0,774,ffff,00cd,ff8,00c,1
774,774,0,775,ffff,00cd,ffc,00c,1
775,775,0,776,ffff,00cc,000,00c,1
776,776,0,777,ffff,00cc,004,00c,1
777,777,0,778,ffff,00cc,008,00c,1
778,778,0,779,ffff,00ce,00c,00c,1
779,779,0,780,ffff,00cd,010,00c,1
780,780,0,781,ffff,00cc,014,00c,1
781,781,0,782,ffff,00cd,018,00c,1
782,782,0,783,ffff,00cb,01c,00c,1
783,783,0,784,ffff,00cd,020,00c,1
784,784,0,785,ffff,00cc,024,00c,1
785,785,0,786,ffff,00cd,028,00c,1
786,786,0,787,ffff,00cc,02c,00c,1
787,787,0,788,ffff,00cd,030,00c,1
788,788,0,789,ffff,00cd,034,00c,1
789,789,0,790,ffff,00cc,038,00c,1
790,790,0,791,ffff,00ce,03c,00c,1
791,791,0,792,ffff,00cd,040,00c,1
792,792,0,793,ffff,015a,fc0,012,1
793,793,0,794,ffff,0101,fc4,012,1
794,794,0,795,ffff,00d7,fc8,012,1
795,795,0,796,ffff,00ce,fcc,012,1
796,796,0,797,ffff,00cd,fd0,012,1
797,797,0,798,ffff,00ce,fd4,012,1
798,798,0,799,ffff,00cd,fd8,012,1
799,799,0,800,ffff,00cd,fdc,012,1
800,800,0,801,ffff,00cd,fe0,012,1
801,801,0,802,ffff,00cc,fe4,012,1
802,802,0,803,ffff,00cd,fe8,012,1
803,803,0,804,ffff,00ce,fec,012,1
804,804,0,805,ffff,00cc,ff0,012,1
805,805,0,806,ffff,00cd,ff4,012,1
806,806,0,807,ffff,00cc,ff8,012,1
807,807,0,808,ffff,00cc,ffc,012,1
808,808,0,809,ffff,00cc,000,012,1
809,809,0,810,ffff,00cc,004,012,1
810,810,0,811,ffff,00cd,008,012,1
811,811,0,812,ffff,00cd,00c,012,1
812,812,0,813,ffff,00cd,010,012,1
813,813,0,814,ffff,00cc,014,012,1
814,814,0,815,ffff,00cc,018,012,1
815,815,0,816,ffff,00cc,01c,012,1
816,816,0,817,ffff,00cd,020,012,1
817,817,0,818,ffff,00cd,024,012,1
818,818,0,819,ffff,00cd,028,012,1
819,819,0,820,ffff,00cc,02c,012,1
820,820,0,821,ffff,00ce,030,012,1
821,821,0,822,ffff,00cd,034,012,1
822,822,0,823,ffff,00cc,038,012,1
823,823,0,824,ffff,00cd,03c,012,1
824,824,0,825,ffff,00cc,040,012,1
825,825,0,826,ffff,015d,fc0,018,1
826,826,0,827,ffff,0105,fc4,018,1
827,827,0,828,ffff,00db,fc8,018,1
828,828,0,829,ffff,00ce,fcc,018,1
829,829,0,830,ffff,00cd,fd0,018,1
830,830,0,831,ffff,00cd,fd4,018,1
831,831,0,832,ffff,00ce,fd8,018,1
832,832,0,833,ffff,00cc,fdc,018,1
833,833,0,834,ffff,00cc,fe0,018,1
834,834,0,835,ffff,00cd,fe4,018,1
835,835,0,836,ffff,00cc,fe8,018,1
836,836,0,837,ffff,00cd,fec,018,1
837,837,0,838,ffff,00cc,ff0,018,1
838,838,0,839,ffff,00cd,ff4,018,1
839,839,0,840,ffff,00cd,ff8,018,1
840,840,0,841,ffff,00ce,ffc,018,1
841,841,0,842,ffff,00cc,000,018,1
842,842,0,843,ffff,00cd,004,018,1
843,843,0,844,ffff,00ce,008,018,1
844,844,0,845,ffff,00ce,00c,018,1
845,845,0,846,ffff,00cb,010,018,1
846,846,0,847,ffff,00ce,014,018,1
847,847,0,848,ffff,00cc,018,018,1
848,848,0,849,ffff,00ce,01c,018,1
849,849,0,850,ffff,00cd,020,018,1
850,850,0,851,ffff,00cc,024,018,1
851,851,0,852,ffff,00cc,028,018,1
852,852,0,853,ffff,00cd,02c,018,1
853,853,0,854,ffff,00cd,030,018,1
854,854,0,855,ffff,00cd,034,018,1
855,855,0,856,ffff,00cb,038,018,1
856,856,0,857,ffff,00cd,03c,018,1
857,857,0,858,ffff,00cc,040,018,1
858,858,0,859,ffff,0153,fc0,01e,1
859,859,0,860,ffff,0102,fc4,01e,1
860,860,0,861,ffff,00da,fc8,01e,1
861,861,0,862,ffff,00ce,fcc,01e,1
862,862,0,863,ffff,00cd,fd0,01e,1
863,863,0,864,ffff,00cc,fd4,01e,1
864,864,0,865,ffff,00ce,fd8,01e,1
865,865,0,866,ffff,00cc,fdc,01e,1
866,866,0,867,ffff,00cd,fe0,01e,1
867,867,0,868,ffff,00cd,fe4,01e,1
868,868,0,869,ffff,00ce,fe8,01e,1
869,869,0,870,ffff,00cd,fec,01e,1
870,870,0,871,ffff,00cd,ff0,01e,1
871,871,0,872,ffff,00ce,ff4,01e,1
872,872,0,873,ffff,00cc,ff8,01e,1
873,873,0,874,ffff,00ce,ffc,01e,1
874,874,0,875,ffff,00cd,000,01e,1
875,875,0,876,ffff,00cc,004,01e,1
876,876,0,877,ffff,00cc,008,01e,1
877,877,0,878,ffff,00ce,00c,01e,1
878,878,0,879,ffff,00cd,010,01e,1
879,879,0,880,ffff,00cd,014,01e,1
880,880,0,881,ffff,00cc,018,01e,1
881,881,0,882,ffff,00cd,01c,01e,1
882,882,0,883,ffff,00cc,020,01e,1
883,883,0,884,ffff,00ce,024,01e,1
884,884,0,885,ffff,00cc,028,01e,1
885,885,0,886,ffff,00cd,02c,01e,1
886,886,0,887,ffff,00cd,030,01e,1
887,887,0,888,ffff,00cc,034,01e,1
888,888,0,889,ffff,00cd,038,01e,1
889,889,0,890,ffff,00cd,03c,01e,1
890,890,0,891,ffff,00ce,040,01e,1
891,891,0,892,ffff,0153,fc0,024,1
892,892,0,893,ffff,0105,fc4,024,1
893,893,0,894,ffff,00dd,fc8,024,1
894,894,0,895,ffff,00d0,fcc,024,1
895,895,0,896,ffff,00cc,fd0,024,1
896,896,0,897,ffff,00cd,fd4,024,1
897,897,0,898,ffff,00cc,fd8,024,1
898,898,0,899,ffff,00cd,fdc,024,1
899,899,0,900,ffff,00cd,fe0,024,1
900,900,0,901,ffff,00cc,fe4,024,1
901,901,0,902,ffff,00cd,fe8,024,1
902,902,0,903,ffff,00cc,fec,024,1
903,903,0,904,ffff,00cd,ff0,024,1
904,904,0,905,ffff,00cd,ff4,024,1
905,905,0,906,ffff,00cc,ff8,024,1
906,906,0,907,ffff,00ce,ffc,024,1
907,907,0,908,ffff,00cd,000,024,1
908,908,0,909,ffff,00cd,004,024,1
909,909,0,910,ffff,00cc,008,024,1
910,910,0,911,ffff,00cd,00c,024,1
911,911,0,912,ffff,00cb,010,024,1
912,912,0,913,ffff,00cd,014,024,1
913,913,0,914,ffff,00cd,018,024,1
914,914,0,915,ffff,00cd,01c,024,1
915,915,0,916,ffff,00cf,020,024,1
916,916,0,917,ffff,00cd,024,024,1
917,917,0,918,ffff,00cd,028,024,1
918,918,0,919,ffff,00cd,02c,024,1
919,919,0,920,ffff,00cc,030,024,1
920,920,0,921,ffff,00cd,034,024,1
921,921,0,922,ffff,00cd,038,024,1
922,922,0,923,ffff,00cd,03c,024,1
923,923,0,924,ffff,00cd,040,024,1
924,924,0,925,ffff,0151,fc0,02a,1
925,925,0,926,ffff,0102,fc4,02a,1
926,926,0,927,ffff,00de,fc8,02a,1
927,927,0,928,ffff,00d0,fcc,02a,1
928,928,0,929,ffff,00cd,fd0,02a,1
929,929,0,930,ffff,00cd,fd4,02a,1
930,930,0,931,ffff,00cc,fd8,02a,1
931,931,0,932,ffff,00ce,fdc,02a,1
932,932,0,933,ffff,00cc,fe0,02a,1
933,933,0,934,ffff,00cd,fe4,02a,1
934,934,0,935,ffff,00cd,fe8,02a,1
935,935,0,936,ffff,00cd,fec,02a,1
936,936,0,937,ffff,00cd,ff0,02a,1
937,937,0,938,ffff,00cd,ff4,02a,1
938,938,0,939,ffff,00ce,ff8,02a,1
939,939,0,940,ffff,00cc,ffc,02a,1
940,940,0,941,ffff,00cd,000,02a,1
941,941,0,942,ffff,00ce,004,02a,1
942,942,0,943,ffff,00ce,008,02a,1
943,943,0,944,ffff,00cd,00c,02a,1
944,944,0,945,ffff,00cc,010,02a,1
945,945,0,946,ffff,00cd,014,02a,1
946,946,0,947,ffff,00cc,018,02a,1
947,947,0,948,ffff,00cd,01c,02a,1
948,948,0,949,ffff,00cd,020,02a,1
949,949,0,950,ffff,00cc,024,02a,1
950,950,0,951,ffff,00cd,028,02a,1
951,951,0,952,ffff,00ce,02c,02a,1
952,952,0,953,ffff,00ce,030,02a,1
953,953,0,954,ffff,00cd,034,02a,1
954,954,0,955,ffff,00cc,038,02a,1
955,955,0,956,ffff,00cd,03c,02a,1
956,956,0,957,ffff,00cc,040,02a,1
957,957,0,958,ffff,014b,fc0,030,1
958,958,0,959,ffff,010d,fc4,030,1
959,959,0,960,ffff,00e1,fc8,030,1
960,960,0,961,ffff,00d0,fcc,030,1
961,961,0,962,ffff,00cd,fd0,030,1
962,962,0,963,ffff,00ce,fd4,030,1
963,963,0,964,ffff,00cd,fd8,030,1
964,964,0,965,ffff,00cd,fdc,030,1
965,965,0,966,ffff,00cd,fe0,030,1
966,966,0,967,ffff,00cc,fe4,030,1
967,967,0,968,ffff,00cc,fe8,030,1
968,968,0,969,ffff,00cd,fec,030,1
969,969,0,970,ffff,00ce,ff0,030,1
970,970,0,971,ffff,00cd,ff4,030,1
971,971,0,972,ffff,00cd,ff8,030,1
972,972,0,973,ffff,00cd,ffc,030,1
973,973,0,974,ffff,00cc,000,030,1
974,974,0,975,ffff,00cd,004,030,1
975,975,0,976,ffff,00cd,008,030,1
976,976,0,977,ffff,00ce,00c,030,1
977,977,0,978,ffff,00ce,010,030,1
978,978,0,979,ffff,00cc,014,030,1
979,979,0,980,ffff,00cd,018,030,1
980,980,0,981,ffff,00cc,01c,030,1
981,981,0,982,ffff,00cc,020,030,1
982,982,0,983,ffff,00cd,024,030,1
983,983,0,984,ffff,00cd,028,030,1
984,984,0,985,ffff,00cb,02c,030,1
985,985,0,986,ffff,00cd,030,030,1
986,986,0,987,ffff,00cc,034,030,1
987,987,0,988,ffff,00ce,038,030,1
988,988,0,989,ffff,00cd,03c,030,1
989,989,0,990,ffff,00cb,040,030,1
990,990,0,991,ffff,0149,fc0,036,1
991,991,0,992,ffff,010a,fc4,036,1
992,992,0,993,ffff,00e5,fc8,036,1
993,993,0,994,ffff,00d3,fcc,036,1
994,994,0,995,ffff,00ce,fd0,036,1
995,995,0,996,ffff,00ce,fd4,036,1
996,996,0,997,ffff,00cc,fd8,036,1
997,997,0,998,ffff,00cd,fdc,036,1
998,998,0,999,ffff,00cd,fe0,036,1
999,999,0,1000,ffff,00cd,fe4,036,1
1000,1000,0,1001,ffff,00cc,fe8,036,1
1001,1001,0,1002,ffff,00ce,fec,036,1
1002,1002,0,1003,ffff,00cc,ff0,036,1
1003,1003,0,1004,ffff,00ce,ff4,036,1
1004,1004,0,1005,ffff,00cc,ff8,036,1
1005,1005,0,1006,ffff,00ce,ffc,036,1
1006,1006,0,1007,ffff,00cc,000,036,1
1007,1007,0,1008,ffff,00cd,004,036,1
1008,1008,0,1009,ffff,00cd,008,036,1
1009,1009,0,1010,ffff,00cc,00c,036,1
1010,1010,0,1011,ffff,00cc,010,036,1
1011,1011,0,1012,ffff,00ce,014,036,1
1012,1012,0,1013,ffff,00cd,018,036,1
1013,1013,0,1014,ffff,00cb,01c,036,1
1014,1014,0,1015,ffff,00ce,020,036,1
1015,1015,0,1016,ffff,00ce,024,036,1
1016,1016,0,1017,ffff,00cc,028,036,1
1017,1017,0,1018,ffff,00cd,02c,036,1
1018,1018,0,1019,ffff,00ce,030,036,1
1019,1019,0,1020,ffff,00cd,034,036,1
1020,1020,0,1021,ffff,00cc,038,036,1
1021,1021,0,1022,ffff,00cd,03c,036,1
1022,1022,0,1023,ffff,00cc,040,036,1
1023,1023,0,1024,ffff,0143,fc0,03c,1
1024,1024,0,1025,ffff,010e,fc4,03c,1
1025,1025,0,1026,ffff,00e9,fc8,03c,1
1026,1026,0,1027,ffff,00d4,fcc,03c,1
1027,1027,0,1028,ffff,00cd,fd0,03c,1
1028,1028,0,1029,ffff,00ce,fd4,03c,1
1029,1029,0,1030,ffff,00cd,fd8,03c,1
1030,1030,0,1031,ffff,00cc,fdc,03c,1
1031,1031,0,1032,ffff,00cd,fe0,03c,1
1032,1032,0,1033,ffff,00cc,fe4,03c,1
1033,1033,0,1034,ffff,00cc,fe8,03c,1
1034,1034,0,1035,ffff,00ce,fec,03c,1
1035,1035,0,1036,ffff,00cc,ff0,03c,1
1036,1036,0,1037,ffff,00cb,ff4,03c,1
1037,1037,0,1038,ffff,00cd,ff8,03c,1
1038,1038,0,1039,ffff,00cd,ffc,03c,1
1039,1039,0,1040,ffff,00cd,000,03c,1
1040,1040,0,1041,ffff,00ce,004,03c,1
1041,1041,0,1042,ffff,00cd,008,03c,1
1042,1042,0,1043,ffff,00cc,00c,03c,1
1043,1043,0,1044,ffff,00cd,010,03c,1
1044,1044,0,1045,ffff,00cd,014,03c,1
1045,1045,0,1046,ffff,00cc,018,03c,1
1046,1046,0,1047,ffff,00ce,01c,03c,1
1047,1047,0,1048,ffff,00cc,020,03c,1
1048,1048,0,1049,ffff,00ce,024,03c,1
1049,1049,0,1050,ffff,00ce,028,03c,1
1050,1050,0,1051,ffff,00cc,02c,03c,1
1051,1051,0,1052,ffff,00cd,030,03c,1
1052,1052,0,1053,ffff,00cd,034,03c,1
1053,1053,0,1054,ffff,00cd,038,03c,1
1054,1054,0,1055,ffff,00cb,03c,03c,1
1055,1055,0,1056,ffff,00cc,040,03c,1
1056,1056,0,1057,ffff,0140,fc0,042,1
1057,1057,0,1058,ffff,010f,fc4,042,1
1058,1058,0,1059,ffff,00e9,fc8,042,1
1059,1059,0,1060,ffff,00d5,fcc,042,1
1060,1060,0,1061,ffff,00cd,fd0,042,1
1061,1061,0,1062,ffff,00cc,fd4,042,1
1062,1062,0,1063,ffff,00ce,fd8,042,1
1063,1063,0,1064,ffff,00cc,fdc,042,1
1064,1064,0,1065,ffff,00cf,fe0,042,1
1065,1065,0,1066,ffff,00cc,fe4,042,1
1066,1066,0,1067,ffff,00cc,fe8,042,1
1067,1067,0,1068,ffff,00cc,fec,042,1
1068,1068,0,1069,ffff,00cc,ff0,042,1
1069,1069,0,1070,ffff,00ce,ff4,042,1
1070,1070,0,1071,ffff,00ce,ff8,042,1
1071,1071,0,1072,ffff,00ce,ffc,042,1
1072,1072,0,1073,ffff,00cc,000,042,1
1073,1073,0,1074,ffff,00cc,004,042,1
1074,1074,0,1075,ffff,00cd,008,042,1
1075,1075,0,1076,ffff,00cd,00c,042,1
1076,1076,0,1077,ffff,00cc,010,042,1
1077,1077,0,1078,ffff,00cd,014,042,1
1078,1078,0,1079,ffff,00cd,018,042,1
1079,1079,0,1080,ffff,00ce,01c,042,1
1080,1080,0,1081,ffff,00cb,020,042,1
1081,1081,0,1082,ffff,00ce,024,042,1
1082,1082,0,1083,ffff,00cc,028,042,1
1083,1083,0,1084,ffff,00cd,02c,042,1
1084,1084,0,1085,ffff,00ce,030,042,1
1085,1085,0,1086,ffff,00cc,034,042,1
1086,1086,0,1087,ffff,00cc,038,042,1
1087,1087,0,1088,ffff,00cc,03c,042,1
1088,1088,0,1089,ffff,00cc,040,042,1
1089,1089,0,1090,ffff,0136,fc0,048,1
1090,1090,0,1091,ffff,0110,fc4,048,1
1091,1091,0,1092,ffff,00ee,fc8,048,1
1092,1092,0,1093,ffff,00d5,fcc,048,1
1093,1093,0,1094,ffff,00ce,fd0,048,1
1094,1094,0,1095,ffff,00cb,fd4,048,1
1095,1095,0,1096,ffff,00cc,fd8,048,1
1096,1096,0,1097,ffff,00ca,fdc,048,1
1097,1097,0,1098,ffff,00ca,fe0,048,1
1098,1098,0,1099,ffff,00cb,fe4,048,1
1099,1099,0,1100,ffff,00cb,fe8,048,1
1100,1100,0,1101,ffff,00cd,fec,048,1
1101,1101,0,1102,ffff,00cd,ff0,048,1
1102,1102,0,1103,ffff,00cd,ff4,048,1
1103,1103,0,1104,ffff,00cd,ff8,048,1
1104,1104,0,1105,ffff,00ce,ffc,048,1
1105,1105,0,1106,ffff,00ca,000,048,1
1106,1106,0,1107,ffff,00c8,004,048,1
1107,1107,0,1108,ffff,00ca,008,048,1
1108,1108,0,1109,ffff,00c9,00c,048,1
1109,1109,0,1110,ffff,00ca,010,048,1
1110,1110,0,1111,ffff,00cc,014,048,1
1111,1111,0,1112,ffff,00c9,018,048,1
1112,1112,0,1113,ffff,00c9,01c,048,1
1113,1113,0,1114,ffff,00cb,020,048,1
1114,1114,0,1115,ffff,00cb,024,048,1
1115,1115,0,1116,ffff,00cb,028,048,1
1116,1116,0,1117,ffff,00cb,02c,048,1
1117,1117,0,1118,ffff,00cb,030,048,1
1118,1118,0,1119,ffff,00c9,034,048,1
1119,1119,0,1120,ffff,00c9,038,048,1
1120,1120,0,1121,ffff,00ca,03c,048,1
1121,1121,0,1122,ffff,00cb,040,048,1
1122,1122,0,1123,ffff,0111,fc0,04e,1
1123,1123,0,1124,ffff,00fa,fc4,04e,1
1124,1124,0,1125,ffff,00dc,fc8,04e,1
1125,1125,0,1126,ffff,00c6,fcc,04e,1
1126,1126,0,1127,ffff,00c1,fd0,04e,1
1127,1127,0,1128,ffff,00bd,fd4,04e,1
1128,1128,0,1129,ffff,00bf,fd8,04e,1
1129,1129,0,1130,ffff,00b8,fdc,04e,1
1130,1130,0,1131,ffff,00b9,fe0,04e,1
1131,1131,0,1132,ffff,00b5,fe4,04e,1
1132,1132,0,1133,ffff,00ba,fe8,04e,1
1133,1133,0,1134,ffff,00ce,fec,04e,1
1134,1134,0,1135,ffff,00cf,ff0,04e,1
1135,1135,0,1136,ffff,00ce,ff4,04e,1
1136,1136,0,1137,ffff,00cf,ff8,04e,1
1137,1137,0,1138,ffff,00ce,ffc,04e,1
1138,1138,0,1139,ffff,00c3,000,04e,1
1139,1139,0,1140,ffff,00c2,004,04e,1
1140,1140,0,1141,ffff,00c1,008,04e,1
1141,1141,0,1142,ffff,00c2,00c,04e,1
1142,1142,0,1143,ffff,00c3,010,04e,1
1143,1143,0,1144,ffff,00c2,014,04e,1
1144,1144,0,1145,ffff,00c3,018,04e,1
1145,1145,0,1146,ffff,00c2,01c,04e,1
1146,1146,0,1147,ffff,00c4,020,04e,1
1147,1147,0,1148,ffff,00c4,024,04e,1
1148,1148,0,1149,ffff,00c5,028,04e,1
1149,1149,0,1150,ffff,00c3,02c,04e,1
1150,1150,0,1151,ffff,00c4,030,04e,1
1151,1151,0,1152,ffff,00c5,034,04e,1
1152,1152,0,1153,ffff,00c7,038,04e,1
1153,1153,0,1154,ffff,00c6,03c,04e,1
1154,1154,0,1155,ffff,00c8,040,04e,1
1155,1155,0,1156,ffff,00f7,fc0,054,1
1156,1156,0,1157,ffff,00df,fc4,054,1
1157,1157,0,1158,ffff,00c8,fc8,054,1
1158,1158,0,1159,ffff,00b2,fcc,054,1
1159,1159,0,1160,ffff,00aa,fd0,054,1
1160,1160,0,1161,ffff,00a8,fd4,054,1
1161,1161,0,1162,ffff,00a8,fd8,054,1
1162,1162,0,1163,ffff,00a8,fdc,054,1
1163,1163,0,1164,ffff,00a8,fe0,054,1
1164,1164,0,1165,ffff,00a7,fe4,054,1
1165,1165,0,1166,ffff,00ad,fe8,054,1
1166,1166,0,1167,ffff,00cd,fec,054,1
1167,1167,0,1168,ffff,00cf,ff0,054,1
1168,1168,0,1169,ffff,00cf,ff4,054,1
1169,1169,0,1170,ffff,00ce,ff8,054,1
1170,1170,0,1171,ffff,00cf,ffc,054,1
1171,1171,0,1172,ffff,00c6,000,054,1
1172,1172,0,1173,ffff,00c8,004,054,1
1173,1173,0,1174,ffff,00c9,008,054,1
1174,1174,0,1175,ffff,00ca,00c,054,1
1175,1175,0,1176,ffff,00cc,010,054,1
1176,1176,0,1177,ffff,00ca,014,054,1
1177,1177,0,1178,ffff,00cc,018,054,1
1178,1178,0,1179,ffff,00ca,01c,054,1
1179,1179,0,1180,ffff,00ca,020,054,1
1180,1180,0,1181,ffff,00cb,024,054,1
1181,1181,0,1182,ffff,00ca,028,054,1
1182,1182,0,1183,ffff,00ca,02c,054,1
1183,1183,0,1184,ffff,00ca,030,054,1
1184,1184,0,1185,ffff,00c8,034,054,1
1185,1185,0,1186,ffff,00c9,038,054,1
1186,1186,0,1187,ffff,00c8,03c,054,1
1187,1187,0,1188,ffff,00c7,040,054,1
1188,1188,0,1189,ffff,00eb,fc0,05a,1
1189,1189,0,1190,ffff,00d9,fc4,05a,1
1190,1190,0,1191,ffff,00c2,fc8,05a,1
1191,1191,0,1192,ffff,00af,fcc,05a,1
1192,1192,0,1193,ffff,00a5,fd0,05a,1
1193,1193,0,1194,ffff,00a5,fd4,05a,1
1194,1194,0,1195,ffff,00a4,fd8,05a,1
1195,1195,0,1196,ffff,00a4,fdc,05a,1
1196,1196,0,1197,ffff,00a4,fe0,05a,1
1197,1197,0,1198,ffff,00a3,fe4,05a,1
1198,1198,0,1199,ffff,00aa,fe8,05a,1
1199,1199,0,1200,ffff,00ce,fec,05a,1
1200,1200,0,1201,ffff,00cf,ff0,05a,1
1201,1201,0,1202,ffff,00ce,ff4,05a,1
1202,1202,0,1203,ffff,00cf,ff8,05a,1
1203,1203,0,1204,ffff,00d0,ffc,05a,1
1204,1204,0,1205,ffff,00bf,000,05a,1
1205,1205,0,1206,ffff,00c1,004,05a,1
1206,1206,0,1207,ffff,00c2,008,05a,1
1207,1207,0,1208,ffff,00c2,00c,05a,1
1208,1208,0,1209,ffff,00c1,010,05a,1
1209,1209,0,1210,ffff,00c0,014,05a,1
1210,1210,0,1211,ffff,00c0,018,05a,1
1211,1211,0,1212,ffff,00c1,01c,05a,1
1212,1212,0,1213,ffff,00c0,020,05a,1
1213,1213,0,1214,ffff,00c1,024,05a,1
1214,1214,0,1215,ffff,00c2,028,05a,1
1215,1215,0,1216,ffff,00c0,02c,05a,1
1216,1216,0,1217,ffff,00c4,030,05a,1
1217,1217,0,1218,ffff,00c4,034,05a,1
1218,1218,0,1219,ffff,00c8,038,05a,1
1219,1219,0,1220,ffff,00c9,03c,05a,1
1220,1220,0,1221,ffff,00cb,040,05a,1
1221,1221,0,1222,ffff,00e7,fc0,060,1
1222,1222,0,1223,ffff,00d6,fc4,060,1
1223,1223,0,1224,ffff,00c4,fc8,060,1
1224,1224,0,1225,ffff,00b0,fcc,060,1
1225,1225,0,1226,ffff,00a6,fd0,060,1
1226,1226,0,1227,ffff,00a4,fd4,060,1
1227,1227,0,1228,ffff,00a3,fd8,060,1
1228,1228,0,1229,ffff,00a2,fdc,060,1
1229,1229,0,1230,ffff,00a2,fe0,060,1
1230,1230,0,1231,ffff,009e,fe4,060,1
1231,1231,0,1232,ffff,00a6,fe8,060,1
1232,1232,0,1233,ffff,00cd,fec,060,1
1233,1233,0,1234,ffff,00cd,ff0,060,1
1234,1234,0,1235,ffff,00ce,ff4,060,1
1235,1235,0,1236,ffff,00cf,ff8,060,1
1236,1236,0,1237,ffff,00ce,ffc,060,1
1237,1237,0,1238,ffff,00c6,000,060,1
1238,1238,0,1239,ffff,00c5,004,060,1
1239,1239,0,1240,ffff,00c3,008,060,1
1240,1240,0,1241,ffff,00c6,00c,060,1
1241,1241,0,1242,ffff,00c5,010,060,1
1242,1242,0,1243,ffff,00c2,014,060,1
1243,1243,0,1244,ffff,00c4,018,060,1
1244,1244,0,1245,ffff,00c3,01c,060,1
1245,1245,0,1246,ffff,00c6,020,060,1
1246,1246,0,1247,ffff,00c7,024,060,1
1247,1247,0,1248,ffff,00c7,028,060,1
1248,1248,0,1249,ffff,00c8,02c,060,1
1249,1249,0,1250,ffff,00ca,030,060,1
1250,1250,0,1251,ffff,00cb,034,060,1
1251,1251,0,1252,ffff,00cd,038,060,1
1252,1252,0,1253,ffff,00cc,03c,060,1
1253,1253,0,1254,ffff,00cd,040,060,1
1254,1254,0,1255,ffff,00e9,fc0,066,1
1255,1255,0,1256,ffff,00da,fc4,066,1
1256,1256,0,1257,ffff,00c3,fc8,066,1
1257,1257,0,1258,ffff,00b0,fcc,066,1
1258,1258,0,1259,ffff,00a4,fd0,066,1
1259,1259,0,1260,ffff,00a0,fd4,066,1
1260,1260,0,1261,ffff,009e,fd8,066,1
1261,1261,0,1262,ffff,009a,fdc,066,1
1262,1262,0,1263,ffff,0096,fe0,066,1
1263,1263,0,1264,ffff,0094,fe4,066,1
1264,1264,0,1265,ffff,00a6,fe8,066,1
1265,1265,0,1266,ffff,00cd,fec,066,1
1266,1266,0,1267,ffff,00ce,ff0,066,1
1267,1267,0,1268,ffff,00cc,ff4,066,1
1268,1268,0,1269,ffff,00cd,ff8,066,1
1269,1269,0,1270,ffff,00cd,ffc,066,1
1270,1270,0,1271,ffff,00cc,000,066,1
1271,1271,0,1272,ffff,00cd,004,066,1
1272,1272,0,1273,ffff,00cd,008,066,1
1273,1273,0,1274,ffff,00cc,00c,066,1
1274,1274,0,1275,ffff,00cc,010,066,1
1275,1275,0,1276,ffff,00cb,014,066,1
1276,1276,0,1277,ffff,00cc,018,066,1
1277,1277,0,1278,ffff,00cd,01c,066,1
1278,1278,0,1279,ffff,00cc,020,066,1
1279,1279,0,1280,ffff,00cc,024,066,1
1280,1280,0,1281,ffff,00cd,028,066,1
1281,1281,0,1282,ffff,00cf,02c,066,1
1282,1282,0,1283,ffff,00cc,030,066,1
1283,1283,0,1284,ffff,00cc,034,066,1
1284,1284,0,1285,ffff,00ce,038,066,1
1285,1285,0,1286,ffff,00cd,03c,066,1
1286,1286,0,1287,ffff,00cd,040,066,1
1287,1287,0,1288,ffff,00e4,fc0,06c,1
1288,1288,0,1289,ffff,00d3,fc4,06c,1
1289,1289,0,1290,ffff,00be,fc8,06c,1
1290,1290,0,1291,ffff,00a8,fcc,06c,1
1291,1291,0,1292,ffff,009a,fd0,06c,1
1292,1292,0,1293,ffff,0095,fd4,06c,1
1293,1293,0,1294,ffff,0093,fd8,06c,1
1294,1294,0,1295,ffff,0090,fdc,06c,1
1295,1295,0,1296,ffff,008e,fe0,06c,1
1296,1296,0,1297,ffff,008d,fe4,06c,1
1297,1297,0,1298,ffff,0097,fe8,06c,1
1298,1298,0,1299,ffff,00ce,fec,06c,1
1299,1299,0,1300,ffff,00cd,ff0,06c,1
1300,1300,0,1301,ffff,00cd,ff4,06c,1
1301,1301,0,1302,ffff,00cd,ff8,06c,1
1302,1302,0,1303,ffff,00ce,ffc,06c,1
1303,1303,0,1304,ffff,00cc,000,06c,1
1304,1304,0,1305,ffff,00ce,004,06c,1
1305,1305,0,1306,ffff,00cd,008,06c,1
1306,1306,0,1307,ffff,00cc,00c,06c,1
1307,1307,0,1308,ffff,00ce,010,06c,1
1308,1308,0,1309,ffff,00cd,014,06c,1
1309,1309,0,1310,ffff,00cc,018,06c,1
1310,1310,0,1311,ffff,00cd,01c,06c,1
1311,1311,0,1312,ffff,00cd,020,06c,1
1312,1312,0,1313,ffff,00cd,024,06c,1
1313,1313,0,1314,ffff,00cb,028,06c,1
1314,1314,0,1315,ffff,00cc,02c,06c,1
1315,1315,0,1316,ffff,00ce,030,06c,1
1316,1316,0,1317,ffff,00cc,034,06c,1
1317,1317,0,1318,ffff,00cc,038,06c,1
1318,1318,0,1319,ffff,00cc,03c,06c,1
1319,1319,0,1320,ffff,00cc,040,06c,1
1320,1320,0,1321,ffff,00d8,fc0,072,1
1321,1321,0,1322,ffff,00ce,fc4,072,1
1322,1322,0,1323,ffff,00b9,fc8,072,1
1323,1323,0,1324,ffff,00a3,fcc,072,1
1324,1324,0,1325,ffff,0095,fd0,072,1
1325,1325,0,1326,ffff,008b,fd4,072,1
1326,1326,0,1327,ffff,0089,fd8,072,1
1327,1327,0,1328,ffff,0089,fdc,072,1
1328,1328,0,1329,ffff,0089,fe0,072,1
1329,1329,0,1330,ffff,008a,fe4,072,1
1330,1330,0,1331,ffff,0094,fe8,072,1
1331,1331,0,1332,ffff,00cd,fec,072,1
1332,1332,0,1333,ffff,00cc,ff0,072,1
1333,1333,0,1334,ffff,00cc,ff4,072,1
1334,1334,0,1335,ffff,00cd,ff8,072,1
1335,1335,0,1336,ffff,00cb,ffc,072,1
1336,1336,0,1337,ffff,00cd,000,072,1
1337,1337,0,1338,ffff,00cd,004,072,1
1338,1338,0,1339,ffff,00ce,008,072,1
1339,1339,0,1340,ffff,00cd,00c,072,1
1340,1340,0,1341,ffff,00cc,010,072,1
1341,1341,0,1342,ffff,00ce,014,072,1
1342,1342,0,1343,ffff,00cc,018,072,1
1343,1343,0,1344,ffff,00cd,01c,072,1
1344,1344,0,1345,ffff,00cc,020,072,1
1345,1345,0,1346,ffff,00cc,024,072,1
1346,1346,0,1347,ffff,00cd,028,072,1
1347,1347,0,1348,ffff,00cd,02c,072,1
1348,1348,0,1349,ffff,00ce,030,072,1
1349,1349,0,1350,ffff,00cc,034,072,1
1350,1350,0,1351,ffff,00ca,038,072,1
1351,1351,0,1352,ffff,00c9,03c,072,1
1352,1352,0,1353,ffff,00c8,040,072,1
1353,1353,0,1354,ffff,00cd,fc0,078,1
1354,1354,0,1355,ffff,00c3,fc4,078,1
1355,1355,0,1356,ffff,00b1,fc8,078,1
1356,1356,0,1357,ffff,009e,fcc,078,1
1357,1357,0,1358,ffff,0091,fd0,078,1
1358,1358,0,1359,ffff,0089,fd4,078,1
1359,1359,0,1360,ffff,0089,fd8,078,1
1360,1360,0,1361,ffff,0089,fdc,078,1
1361,1361,0,1362,ffff,0088,fe0,078,1
1362,1362,0,1363,ffff,0088,fe4,078,1
1363,1363,0,1364,ffff,0096,fe8,078,1
1364,1364,0,1365,ffff,00cc,fec,078,1
1365,1365,0,1366,ffff,00cd,ff0,078,1
1366,1366,0,1367,ffff,00cc,ff4,078,1
1367,1367,0,1368,ffff,00cc,ff8,078,1
1368,1368,0,1369,ffff,00cd,ffc,078,1
1369,1369,0,1370,ffff,00cc,000,078,1
1370,1370,0,1371,ffff,00cc,004,078,1
1371,1371,0,1372,ffff,00cc,008,078,1
1372,1372,0,1373,ffff,00cd,00c,078,1
1373,1373,0,1374,ffff,00cd,010,078,1
1374,1374,0,1375,ffff,00cc,014,078,1
1375,1375,0,1376,ffff,00cc,018,078,1
1376,1376,0,1377,ffff,00cd,01c,078,1
1377,1377,0,1378,ffff,00cd,020,078,1
1378,1378,0,1379,ffff,00cd,024,078,1
1379,1379,0,1380,ffff,00cb,028,078,1
1380,1380,0,1381,ffff,00cc,02c,078,1
1381,1381,0,1382,ffff,00cb,030,078,1
1382,1382,0,1383,ffff,00cb,034,078,1
1383,1383,0,1384,ffff,00c9,038,078,1
1384,1384,0,1385,ffff,00c9,03c,078,1
1385,1385,0,1386,ffff,00c8,040,078,1
1386,1386,0,1387,ffff,00c5,fc0,07e,1
1387,1387,0,1388,ffff,00b9,fc4,07e,1
1388,1388,0,1389,ffff,00aa,fc8,07e,1
1389,1389,0,1390,ffff,009a,fcc,07e,1
1390,1390,0,1391,ffff,008f,fd0,07e,1
1391,1391,0,1392,ffff,0089,fd4,07e,1
1392,1392,0,1393,ffff,0089,fd8,07e,1
1393,1393,0,1394,ffff,0088,fdc,07e,1
1394,1394,0,1395,ffff,0089,fe0,07e,1
1395,1395,0,1396,ffff,008a,fe4,07e,1
1396,1396,0,1397,ffff,0094,fe8,07e,1
1397,1397,0,1398,ffff,00ce,fec,07e,1
1398,1398,0,1399,ffff,00cd,ff0,07e,1
1399,1399,0,1400,ffff,00cc,ff4,07e,1
1400,1400,0,1401,ffff,00cc,ff8,07e,1
1401,1401,0,1402,ffff,00cd,ffc,07e,1
1402,1402,0,1403,ffff,00cd,000,07e,1
1403,1403,0,1404,ffff,00cd,004,07e,1
1404,1404,0,1405,ffff,00ce,008,07e,1
1405,1405,0,1406,ffff,00cc,00c,07e,1
1406,1406,0,1407,ffff,00ce,010,07e,1
1407,1407,0,1408,ffff,00cc,014,07e,1
1408,1408,0,1409,ffff,00cd,018,07e,1
1409,1409,0,1410,ffff,00cd,01c,07e,1
1410,1410,0,1411,ffff,00cd,020,07e,1
1411,1411,0,1412,ffff,00cd,024,07e,1
1412,1412,0,1413,ffff,00cb,028,07e,1
1413,1413,0,1414,ffff,00cc,02c,07e,1
1414,1414,0,1415,ffff,00cb,030,07e,1
1415,1415,0,1416,ffff,00c9,034,07e,1
1416,1416,0,1417,ffff,00c8,038,07e,1
1417,1417,0,1418,ffff,00c9,03c,07e,1
1418,1418,0,1419,ffff,00c9,040,07e,1
1419,1419,0,1,ffff,00e2,fc0,0fe,1
1420,1420,0,2,ffff,00f0,fc4,0fe,1
1421,1421,0,3,ffff,0105,fc8,0fe,1
1422,1422,0,4,ffff,012f,fcc,0fe,1
1423,1423,0,5,ffff,0164,fd0,0fe,1
1424,1424,0,6,ffff,0192,fd4,0fe,1
1425,1425,0,7,ffff,0197,fd8,0fe,1
1426,1426,0,8,ffff,0199,fdc,0fe,1
1427,1427,0,9,ffff,019b,fe0,0fe,1
1428,1428,0,10,ffff,0199,fe4,0fe,1
1429,1429,0,11,ffff,019a,fe8,0fe,1
1430,1430,0,12,ffff,019a,fec,0fe,1
1431,1431,0,13,ffff,0198,ff0,0fe,1
1432,1432,0,14,ffff,019c,ff4,0fe,1
1433,1433,0,15,ffff,019b,ff8,0fe,1
1434,1434,0,16,ffff,0198,ffc,0fe,1
1435,1435,0,17,ffff,019a,000,0fe,1
1436,1436,0,18,ffff,019a,004,0fe,1
1437,1437,0,19,ffff,019b,008,0fe,1
1438,1438,0,20,ffff,0196,00c,0fe,1
1439,1439,0,21,ffff,0195,010,0fe,1
1440,1440,0,22,ffff,0195,014,0fe,1
1441,1441,0,23,ffff,0191,018,0fe,1
1442,1442,0,24,ffff,0181,01c,0fe,1
1443,1443,0,25,ffff,0171,020,0fe,1
1444,1444,0,26,ffff,0154,024,0fe,1
1445,1445,0,27,ffff,0136,028,0fe,1
1446,1446,0,28,ffff,0119,02c,0fe,1
1447,1447,0,29,ffff,00fa,030,0fe,1
1448,1448,0,30,ffff,00e5,034,0fe,1
1449,1449,0,31,ffff,00d5,038,0fe,1
1450,1450,0,32,ffff,00c8,03c,0fe,1
1451,1451,0,33,ffff,00be,040,0fe,1
1452,1452,0,34,ffff,00e7,fc0,0f8,1
1453,1453,0,35,ffff,00f6,fc4,0f8,1
1454,1454,0,36,ffff,010c,fc8,0f8,1
1455,1455,0,37,ffff,0139,fcc,0f8,1
1456,1456,0,38,ffff,0178,fd0,0f8,1
1457,1457,0,39,ffff,0194,fd4,0f8,1
1458,1458,0,40,ffff,0198,fd8,0f8,1
1459,1459,0,41,ffff,0198,fdc,0f8,1
1460,1460,0,42,ffff,019a,fe0,0f8,1
1461,1461,0,43,ffff,0199,fe4,0f8,1
1462,1462,0,44,ffff,0197,fe8,0f8,1
1463,1463,0,45,ffff,0199,fec,0f8,1
1464,1464,0,46,ffff,0199,ff0,0f8,1
1465,1465,0,47,ffff,0197,ff4,0f8,1
1466,1466,0,48,ffff,019d,ff8,0f8,1
1467,1467,0,49,ffff,019a,ffc,0f8,1
1468,1468,0,50,ffff,0197,000,0f8,1
1469,1469,0,51,ffff,019a,004,0f8,1
1470,1470,0,52,ffff,0197,008,0f8,1
1471,1471,0,53,ffff,019a,00c,0f8,1
1472,1472,0,54,ffff,019c,010,0f8,1
1473,1473,0,55,ffff,0198,014,0f8,1
1474,1474,0,56,ffff,0193,018,0f8,1
1475,1475,0,57,ffff,0192,01c,0f8,1
1476,1476,0,58,ffff,0185,020,0f8,1
1477,1477,0,59,ffff,016f,024,0f8,1
1478,1478,0,60,ffff,0153,028,0f8,1
1479,1479,0,61,ffff,0138,02c,0f8,1
1480,1480,0,62,ffff,0117,030,0f8,1
1481,1481,0,63,ffff,00f4,034,0f8,1
1482,1482,0,64,ffff,00e6,038,0f8,1
1483,1483,0,65,ffff,00cd,03c,0f8,1
1484,1484,0,66,ffff,00bc,040,0f8,1
1485,1485,0,67,ffff,00f3,fc0,0f2,1
1486,1486,0,68,ffff,0100,fc4,0f2,1
1487,1487,0,69,ffff,011b,fc8,0f2,1
1488,1488,0,70,ffff,014c,fcc,0f2,1
1489,1489,0,71,ffff,017e,fd0,0f2,1
1490,1490,0,72,ffff,0196,fd4,0f2,1
1491,1491,0,73,ffff,019b,fd8,0f2,1
1492,1492,0,74,ffff,019a,fdc,0f2,1
1493,1493,0,75,ffff,0198,fe0,0f2,1
1494,1494,0,76,ffff,0199,fe4,0f2,1
1495,1495,0,77,ffff,019b,fe8,0f2,1
1496,1496,0,78,ffff,019b,fec,0f2,1
1497,1497,0,79,ffff,019b,ff0,0f2,1
1498,1498,0,80,ffff,019c,ff4,0f2,1
1499,1499,0,81,ffff,0198,ff8,0f2,1
1500,1500,0,82,ffff,019a,ffc,0f2,1
1501,1501,0,83,ffff,0199,000,0f2,1
1502,1502,0,84,ffff,0198,004,0f2,1
1503,1503,0,85,ffff,019a,008,0f2,1
1504,1504,0,86,ffff,019c,00c,0f2,1
1505,1505,0,87,ffff,0198,010,0f2,1
1506,1506,0,88,ffff,0198,014,0f2,1
1507,1507,0,89,ffff,0199,018,0f2,1
1508,1508,0,90,ffff,0196,01c,0f2,1
1509,1509,0,91,ffff,018d,020,0f2,1
1510,1510,0,92,ffff,0186,024,0f2,1
1511,1511,0,93,ffff,0172,028,0f2,1
1512,1512,0,94,ffff,0158,02c,0f2,1
1513,1513,0,95,ffff,013e,030,0f2,1
1514,1514,0,96,ffff,0112,034,0f2,1
1515,1515,0,97,ffff,00f5,038,0f2,1
1516,1516,0,98,ffff,00d3,03c,0f2,1
1517,1517,0,99,ffff,00c0,040,0f2,1
1518,1518,0,100,ffff,010c,fc0,0ec,1
1519,1519,0,101,ffff,011b,fc4,0ec,1
1520,1520,0,102,ffff,0133,fc8,0ec,1
1521,1521,0,103,ffff,0165,fcc,0ec,1
1522,1522,0,104,ffff,0197,fd0,0ec,1
1523,1523,0,105,ffff,019a,fd4,0ec,1
1524,1524,0,106,ffff,019b,fd8,0ec,1
1525,1525,0,107,ffff,0198,fdc,0ec,1
1526,1526,0,108,ffff,019a,fe0,0ec,1
1527,1527,0,109,ffff,0198,fe4,0ec,1
1528,1528,0,110,ffff,019b,fe8,0ec,1
1529,1529,0,111,ffff,019c,fec,0ec,1
1530,1530,0,112,ffff,019b,ff0,0ec,1
1531,1531,0,113,ffff,0199,ff4,0ec,1
1532,1532,0,114,ffff,0198,ff8,0ec,1
1533,1533,0,115,ffff,019b,ffc,0ec,1
1534,1534,0,116,ffff,019d,000,0ec,1
1535,1535,0,117,ffff,0197,004,0ec,1
1536,1536,0,118,ffff,019b,008,0ec,1
1537,1537,0,119,ffff,0198,00c,0ec,1
1538,1538,0,120,ffff,0199,010,0ec,1
1539,1539,0,121,ffff,0198,014,0ec,1
1540,1540,0,122,ffff,0199,018,0ec,1
1541,1541,0,123,ffff,0199,01c,0ec,1
1542,1542,0,124,ffff,0194,020,0ec,1
1543,1543,0,125,ffff,018d,024,0ec,1
1544,1544,0,126,ffff,0180,028,0ec,1
1545,1545,0,127,ffff,0169,02c,0ec,1
1546,1546,0,128,ffff,014c,030,0ec,1
1547,1547,0,129,ffff,012e,034,0ec,1
1548,1548,0,130,ffff,0109,038,0ec,1
1549,1549,0,131,ffff,00e7,03c,0ec,1
1550,1550,0,132,ffff,00c4,040,0ec,1
1551,1551,0,133,ffff,0120,fc0,0e6,1
1552,1552,0,134,ffff,013d,fc4,0e6,1
1553,1553,0,135,ffff,0167,fc8,0e6,1
1554,1554,0,136,ffff,01a0,fcc,0e6,1
1555,1555,0,137,ffff,01c0,fd0,0e6,1
1556,1556,0,138,ffff,01b1,fd4,0e6,1
1557,1557,0,139,ffff,01a6,fd8,0e6,1
1558,1558,0,140,ffff,019e,fdc,0e6,1
1559,1559,0,141,ffff,019c,fe0,0e6,1
1560,1560,0,142,ffff,019f,fe4,0e6,1
1561,1561,0,143,ffff,0198,fe8,0e6,1
1562,1562,0,144,ffff,019d,fec,0e6,1
1563,1563,0,145,ffff,0199,ff0,0e6,1
1564,1564,0,146,ffff,019b,ff4,0e6,1
1565,1565,0,147,ffff,0198,ff8,0e6,1
1566,1566,0,148,ffff,019b,ffc,0e6,1
1567,1567,0,149,ffff,0199,000,0e6,1
1568,1568,0,150,ffff,019a,004,0e6,1
1569,1569,0,151,ffff,0198,008,0e6,1
1570,1570,0,152,ffff,0197,00c,0e6,1
1571,1571,0,153,ffff,0197,010,0e6,1
1572,1572,0,154,ffff,019b,014,0e6,1
1573,1573,0,155,ffff,019b,018,0e6,1
1574,1574,0,156,ffff,0198,01c,0e6,1
1575,1575,0,157,ffff,0197,020,0e6,1
1576,1576,0,158,ffff,0190,024,0e6,1
1577,1577,0,159,ffff,0185,028,0e6,1
1578,1578,0,160,ffff,0173,02c,0e6,1
1579,1579,0,161,ffff,015c,030,0e6,1
1580,1580,0,162,ffff,013d,034,0e6,1
1581,1581,0,163,ffff,011a,038,0e6,1
1582,1582,0,164,ffff,00f1,03c,0e6,1
1583,1583,0,165,ffff,00d6,040,0e6,1
1584,1584,0,166,ffff,013c,fc0,0e0,1
1585,1585,0,167,ffff,0161,fc4,0e0,1
1586,1586,0,168,ffff,019f,fc8,0e0,1
1587,1587,0,169,ffff,01fb,fcc,0e0,1
1588,1588,0,170,ffff,022c,fd0,0e0,1
1589,1589,0,171,ffff,0214,fd4,0e0,1
1590,1590,0,172,ffff,01ed,fd8,0e0,1
1591,1591,0,173,ffff,01d6,fdc,0e0,1
1592,1592,0,174,ffff,01c5,fe0,0e0,1
1593,1593,0,175,ffff,01ba,fe4,0e0,1
1594,1594,0,176,ffff,01a9,fe8,0e0,1
1595,1595,0,177,ffff,01a4,fec,0e0,1
1596,1596,0,178,ffff,019f,ff0,0e0,1
1597,1597,0,179,ffff,019c,ff4,0e0,1
1598,1598,0,180,ffff,019f,ff8,0e0,1
1599,1599,0,181,ffff,019c,ffc,0e0,1
1600,1600,0,182,ffff,0198,000,0e0,1
1601,1601,0,183,ffff,019c,004,0e0,1
1602,1602,0,184,ffff,0196,008,0e0,1
1603,1603,0,185,ffff,0198,00c,0e0,1
1604,1604,0,186,ffff,019a,010,0e0,1
1605,1605,0,187,ffff,0198,014,0e0,1
1606,1606,0,188,ffff,0199,018,0e0,1
1607,1607,0,189,ffff,0198,01c,0e0,1
1608,1608,0,190,ffff,0197,020,0e0,1
1609,1609,0,191,ffff,0191,024,0e0,1
1610,1610,0,192,ffff,018c,028,0e0,1
1611,1611,0,193,ffff,0175,02c,0e0,1
1612,1612,0,194,ffff,0163,030,0e0,1
1613,1613,0,195,ffff,014a,034,0e0,1
1614,1614,0,196,ffff,0125,038,0e0,1
1615,1615,0,197,ffff,00ff,03c,0e0,1
1616,1616,0,198,ffff,00e0,040,0e0,1
1617,1617,0,199,ffff,014a,fc0,0da,1
1618,1618,0,200,ffff,0178,fc4,0da,1
1619,1619,0,201,ffff,01d1,fc8,0da,1
1620,1620,0,202,ffff,0258,fcc,0da,1
1621,1621,0,203,ffff,02b4,fd0,0da,1
1622,1622,0,204,ffff,02ab,fd4,0da,1
1623,1623,0,205,ffff,028d,fd8,0da,1
1624,1624,0,206,ffff,0241,fdc,0da,1
1625,1625,0,207,ffff,022c,fe0,0da,1
1626,1626,0,208,ffff,020c,fe4,0da,1
1627,1627,0,209,ffff,01f6,fe8,0da,1
1628,1628,0,210,ffff,01df,fec,0da,1
1629,1629,0,211,ffff,01d5,ff0,0da,1
1630,1630,0,212,ffff,01c0,ff4,0da,1
1631,1631,0,213,ffff,01aa,ff8,0da,1
1632,1632,0,214,ffff,019c,ffc,0da,1
1633,1633,0,215,ffff,0199,000,0da,1
1634,1634,0,216,ffff,019b,004,0da,1
1635,1635,0,217,ffff,019b,008,0da,1
1636,1636,0,218,ffff,019c,00c,0da,1
1637,1637,0,219,ffff,019c,010,0da,1
1638,1638,0,220,ffff,019c,014,0da,1
1639,1639,0,221,ffff,0198,018,0da,1
1640,1640,0,222,ffff,019e,01c,0da,1
1641,1641,0,223,ffff,0198,020,0da,1
1642,1642,0,224,ffff,0195,024,0da,1
1643,1643,0,225,ffff,018b,028,0da,1
1644,1644,0,226,ffff,017b,02c,0da,1
1645,1645,0,227,ffff,0166,030,0da,1
1646,1646,0,228,ffff,014f,034,0da,1
1647,1647,0,229,ffff,0128,038,0da,1
1648,1648,0,230,ffff,0101,03c,0da,1
1649,1649,0,231,ffff,00e5,040,0da,1
1650,1650,0,232,ffff,0152,fc0,0d4,1
1651,1651,0,233,ffff,0185,fc4,0d4,1
1652,1652,0,234,ffff,01ed,fc8,0d4,1
1653,1653,0,235,ffff,029a,fcc,0d4,1
1654,1654,0,236,ffff,0318,fd0,0d4,1
1655,1655,0,237,ffff,0325,fd4,0d4,1
1656,1656,0,238,ffff,0315,fd8,0d4,1
1657,1657,0,239,ffff,02ee,fdc,0d4,1
1658,1658,0,240,ffff,02e3,fe0,0d4,1
1659,1659,0,241,ffff,02a6,fe4,0d4,1
1660,1660,0,242,ffff,0260,fe8,0d4,1
1661,1661,0,243,ffff,0243,fec,0d4,1
1662,1662,0,244,ffff,0223,ff0,0d4,1
1663,1663,0,245,ffff,01f9,ff4,0d4,1
1664,1664,0,246,ffff,01ee,ff8,0d4,1
1665,1665,0,247,ffff,01cf,ffc,0d4,1
1666,1666,0,248,ffff,01b6,000,0d4,1
1667,1667,0,249,ffff,01d8,004,0d4,1
1668,1668,0,250,ffff,01eb,008,0d4,1
1669,1669,0,251,ffff,01e2,00c,0d4,1
1670,1670,0,252,ffff,01db,010,0d4,1
1671,1671,0,253,ffff,01dc,014,0d4,1
1672,1672,0,254,ffff,01e3,018,0d4,1
1673,1673,0,255,ffff,01e4,01c,0d4,1
1674,1674,0,256,ffff,01ce,020,0d4,1
1675,1675,0,257,ffff,01b7,024,0d4,1
1676,1676,0,258,ffff,01aa,028,0d4,1
1677,1677,0,259,ffff,018b,02c,0d4,1
1678,1678,0,260,ffff,017d,030,0d4,1
1679,1679,0,261,ffff,015a,034,0d4,1
1680,1680,0,262,ffff,0131,038,0d4,1
1681,1681,0,263,ffff,0104,03c,0d4,1
1682,1682,0,264,ffff,00e9,040,0d4,1
1683,1683,0,265,ffff,015f,fc0,0ce,1
1684,1684,0,266,ffff,019b,fc4,0ce,1
1685,1685,0,267,ffff,0219,fc8,0ce,1
1686,1686,0,268,ffff,02d2,fcc,0ce,1
1687,1687,0,269,ffff,032e,fd0,0ce,1
1688,1688,0,270,ffff,0332,fd4,0ce,1
1689,1689,0,271,ffff,033d,fd8,0ce,1
1690,1690,0,272,ffff,032d,fdc,0ce,1
1691,1691,0,273,ffff,032b,fe0,0ce,1
1692,1692,0,274,ffff,0326,fe4,0ce,1
1693,1693,0,275,ffff,0308,fe8,0ce,1
1694,1694,0,276,ffff,0303,fec,0ce,1
1695,1695,0,277,ffff,02e5,ff0,0ce,1
1696,1696,0,278,ffff,02be,ff4,0ce,1
1697,1697,0,279,ffff,02bb,ff8,0ce,1
1698,1698,0,280,ffff,0260,ffc,0ce,1
1699,1699,0,281,ffff,023b,000,0ce,1
1700,1700,0,282,ffff,02a7,004,0ce,1
1701,1701,0,283,ffff,02e4,008,0ce,1
1702,1702,0,284,ffff,02de,00c,0ce,1
1703,1703,0,285,ffff,02dc,010,0ce,1
1704,1704,0,286,ffff,02f8,014,0ce,1
1705,1705,0,287,ffff,02c3,018,0ce,1
1706,1706,0,288,ffff,028b,01c,0ce,1
1707,1707,0,289,ffff,0298,020,0ce,1
1708,1708,0,290,ffff,025c,024,0ce,1
1709,1709,0,291,ffff,0240,028,0ce,1
1710,1710,0,292,ffff,020e,02c,0ce,1
1711,1711,0,293,ffff,01d8,030,0ce,1
1712,1712,0,294,ffff,018e,034,0ce,1
1713,1713,0,295,ffff,0153,038,0ce,1
1714,1714,0,296,ffff,0111,03c,0ce,1
1715,1715,0,297,ffff,00ea,040,0ce,1
1716,1716,0,298,ffff,018f,fc0,0c8,1
1717,1717,0,299,ffff,01e9,fc4,0c8,1
1718,1718,0,300,ffff,028e,fc8,0c8,1
1719,1719,0,301,ffff,03ae,fcc,0c8,1
1720,1720,0,302,ffff,0419,fd0,0c8,1
1721,1721,0,303,ffff,041b,fd4,0c8,1
1722,1722,0,304,ffff,03ff,fd8,0c8,1
1723,1723,0,305,ffff,03b2,fdc,0c8,1
1724,1724,0,306,ffff,0410,fe0,0c8,1
1725,1725,0,307,ffff,040f,fe4,0c8,1
1726,1726,0,308,ffff,03cd,fe8,0c8,1
1727,1727,0,309,ffff,03e0,fec,0c8,1
1728,1728,0,310,ffff,0397,ff0,0c8,1
1729,1729,0,311,ffff,03a5,ff4,0c8,1
1730,1730,0,312,ffff,03a0,ff8,0c8,1
1731,1731,0,313,ffff,03b3,ffc,0c8,1
1732,1732,0,314,ffff,0361,000,0c8,1
1733,1733,0,315,ffff,03f3,004,0c8,1
1734,1734,0,316,ffff,0473,008,0c8,1
1735,1735,0,317,ffff,03be,00c,0c8,1
1736,1736,0,318,ffff,0385,010,0c8,1
1737,1737,0,319,ffff,038e,014,0c8,1
1738,1738,0,320,ffff,0372,018,0c8,1
1739,1739,0,321,ffff,03b3,01c,0c8,1
1740,1740,0,322,ffff,038a,020,0c8,1
1741,1741,0,323,ffff,0353,024,0c8,1
1742,1742,0,324,ffff,030a,028,0c8,1
1743,1743,0,325,ffff,02ad,02c,0c8,1
1744,1744,0,326,ffff,0255,030,0c8,1
1745,1745,0,327,ffff,01f1,034,0c8,1
1746,1746,0,328,ffff,0189,038,0c8,1
1747,1747,0,329,ffff,0133,03c,0c8,1
1748,1748,0,330,ffff,00fb,040,0c8,1
1749,1749,0,331,ffff,01e9,fc0,0c2,1
1750,1750,0,332,ffff,02a4,fc4,0c2,1
1751,1751,0,333,ffff,04bf,fc8,0c2,1
1752,1752,0,334,ffff,086a,fcc,0c2,1
1753,1753,0,335,ffff,0c1d,fd0,0c2,1
1754,1754,0,336,ffff,0bfa,fd4,0c2,1
1755,1755,0,337,ffff,0c4a,fd8,0c2,1
1756,1756,0,338,ffff,0800,fdc,0c2,1
1757,1757,0,339,ffff,0933,fe0,0c2,1
1758,1758,0,340,ffff,0cb5,fe4,0c2,1
1759,1759,0,341,ffff,0acc,fe8,0c2,1
1760,1760,0,342,ffff,0a95,fec,0c2,1
1761,1761,0,343,ffff,08d1,ff0,0c2,1
1762,1762,0,344,ffff,0b1c,ff4,0c2,1
1763,1763,0,345,ffff,0c6b,ff8,0c2,1
1764,1764,0,346,ffff,08e2,ffc,0c2,1
1765,1765,0,347,ffff,05d3,000,0c2,1
1766,1766,0,348,ffff,0c61,004,0c2,1
1767,1767,0,349,ffff,0d8a,008,0c2,1
1768,1768,0,350,ffff,09b6,00c,0c2,1
1769,1769,0,351,ffff,0949,010,0c2,1
1770,1770,0,352,ffff,0923,014,0c2,1
1771,1771,0,353,ffff,0a3e,018,0c2,1
1772,1772,0,354,ffff,09b1,01c,0c2,1
1773,1773,0,355,ffff,06dc,020,0c2,1
1774,1774,0,356,ffff,06db,024,0c2,1
1775,1775,0,357,ffff,059f,028,0c2,1
1776,1776,0,358,ffff,0473,02c,0c2,1
1777,1777,0,359,ffff,037c,030,0c2,1
1778,1778,0,360,ffff,026d,034,0c2,1
1779,1779,0,361,ffff,01e4,038,0c2,1
1780,1780,0,362,ffff,015c,03c,0c2,1
1781,1781,0,363,ffff,0110,040,0c2,1
1782,1782,0,364,ffff,0230,fc0,0bc,1
1783,1783,0,365,ffff,0344,fc4,0bc,1
1784,1784,0,366,ffff,06de,fc8,0bc,1
1785,1785,0,367,ffff,192d,fcc,0bc,1
1786,1786,0,368,ffff,7cd8,fd0,0bc,1
1787,1787,0,369,ffff,9b88,fd4,0bc,1
1788,1788,0,370,ffff,5853,fd8,0bc,1
1789,1789,0,371,ffff,6a71,fdc,0bc,1
1790,1790,0,372,ffff,7d1e,fe0,0bc,1
1791,1791,0,373,ffff,54fd,fe4,0bc,1
1792,1792,0,374,ffff,a836,fe8,0bc,1
1793,1793,0,375,ffff,8e3f,fec,0bc,1
1794,1794,0,376,ffff,5eb5,ff0,0bc,1
1795,1795,0,377,ffff,9d2e,ff4,0bc,1
1796,1796,0,378,ffff,b4fa,ff8,0bc,1
1797,1797,0,379,ffff,52bf,ffc,0bc,1
1798,1798,0,380,ffff,272b,000,0bc,1
1799,1799,0,381,ffff,de4e,004,0bc,1
1800,1800,0,382,ffff,fc08,008,0bc,1
1801,1801,0,383,ffff,ac36,00c,0bc,1
1802,1802,0,384,ffff,7673,010,0bc,1
1803,1803,0,385,ffff,7b49,014,0bc,1
1804,1804,0,386,ffff,91e7,018,0bc,1
1805,1805,0,387,ffff,5106,01c,0bc,1
1806,1806,0,388,ffff,4ee3,020,0bc,1
1807,1807,0,389,ffff,2b2a,024,0bc,1
1808,1808,0,390,ffff,12ff,028,0bc,1
1809,1809,0,391,ffff,0aae,02c,0bc,1
1810,1810,0,392,ffff,05f6,030,0bc,1
1811,1811,0,393,ffff,03a0,034,0bc,1
1812,1812,0,394,ffff,0257,038,0bc,1
1813,1813,0,395,ffff,019c,03c,0bc,1
1814,1814,0,396,ffff,013d,040,0bc,1
1815,1815,0,397,ffff,0235,fc0,0b6,1
1816,1816,0,398,ffff,038a,fc4,0b6,1
1817,1817,0,399,ffff,0834,fc8,0b6,1
1818,1818,0,400,ffff,2a88,fcc,0b6,1
1819,1819,0,401,6a9e,ffff,fd0,0b6,1
1820,1820,0,402,01f3,ffff,fd4,0b6,1
1821,1821,0,403,0006,ffff,fd8,0b6,1
1822,1822,0,404,0003,ffff,fdc,0b6,1
1823,1823,0,405,0013,ffff,fe0,0b6,1
1824,1824,0,406,0018,ffff,fe4,0b6,1
1825,1825,0,407,000a,ffff,fe8,0b6,1
1826,1826,0,408,0009,ffff,fec,0b6,1
1827,1827,0,409,0016,ffff,ff0,0b6,1
1828,1828,0,410,0010,ffff,ff4,0b6,1
1829,1829,0,411,000b,ffff,ff8,0b6,1
1830,1830,0,412,0026,ffff,ffc,0b6,1
1831,1831,0,413,000f,ffff,000,0b6,1
1832,1832,0,414,0003,ffff,004,0b6,1
1833,1833,0,415,0002,ffff,008,0b6,1
1834,1834,0,416,0000,ffff,00c,0b6,1
1835,1835,0,417,0001,ffff,010,0b6,1
1836,1836,0,418,0039,ffff,014,0b6,1
1837,1837,0,419,03ba,ffff,018,0b6,1
1838,1838,0,420,1bf4,ffff,01c,0b6,1
1839,1839,0,421,9aad,ffff,020,0b6,1
1840,1840,0,422,ffff,6ae9,024,0b6,1
1841,1841,0,423,ffff,2356,028,0b6,1
1842,1842,0,424,ffff,0e65,02c,0b6,1
1843,1843,0,425,ffff,0737,030,0b6,1
1844,1844,0,426,ffff,0411,034,0b6,1
1845,1845,0,427,ffff,0290,038,0b6,1
1846,1846,0,428,ffff,01b1,03c,0b6,1
1847,1847,0,429,ffff,0143,040,0b6,1
1848,1848,0,430,ffff,022e,fc0,0b0,1
1849,1849,0,431,ffff,03b2,fc4,0b0,1
1850,1850,0,432,ffff,0932,fc8,0b0,1
1851,1851,0,433,ffff,34eb,fcc,0b0,1
1852,1852,0,434,4ce9,ffff,fd0,0b0,1
1853,1853,0,435,0122,ffff,fd4,0b0,1
1854,1854,0,436,0000,ffff,fd8,0b0,1
1855,1855,0,437,0000,ffff,fdc,0b0,1
1856,1856,0,438,0000,ffff,fe0,0b0,1
1857,1857,0,439,0000,ffff,fe4,0b0,1
1858,1858,0,440,0000,ffff,fe8,0b0,1
1859,1859,0,441,0000,ffff,fec,0b0,1
1860,1860,0,442,0000,ffff,ff0,0b0,1
1861,1861,0,443,0000,ffff,ff4,0b0,1
1862,1862,0,444,0000,ffff,ff8,0b0,1
1863,1863,0,445,0000,ffff,ffc,0b0,1
1864,1864,0,446,0000,ffff,000,0b0,1
1865,1865,0,447,0000,ffff,004,0b0,1
1866,1866,0,448,0000,ffff,008,0b0,1
1867,1867,0,449,0000,ffff,00c,0b0,1
1868,1868,0,450,0000,ffff,010,0b0,1
1869,1869,0,451,000b,ffff,014,0b0,1
1870,1870,0,452,0186,ffff,018,0b0,1
1871,1871,0,453,0ff4,ffff,01c,0b0,1
1872,1872,0,454,64e3,ffff,020,0b0,1
1873,1873,0,455,ffff,96c4,024,0b0,1
1874,1874,0,456,ffff,2c1e,028,0b0,1
1875,1875,0,457,ffff,10cc,02c,0b0,1
1876,1876,0,458,ffff,07fc,030,0b0,1
1877,1877,0,459,ffff,0459,034,0b0,1
1878,1878,0,460,ffff,02ae,038,0b0,1
1879,1879,0,461,ffff,01c4,03c,0b0,1
1880,1880,0,462,ffff,0144,040,0b0,1
1881,1881,0,463,ffff,0221,fc0,0aa,1
1882,1882,0,464,ffff,03d9,fc4,0aa,1
1883,1883,0,465,ffff,0a9e,fc8,0aa,1
1884,1884,0,466,ffff,45bf,fcc,0aa,1
1885,1885,0,467,3425,ffff,fd0,0aa,1
1886,1886,0,468,007c,ffff,fd4,0aa,1
1887,1887,0,469,0000,ffff,fd8,0aa,1
1888,1888,0,470,0000,ffff,fdc,0aa,1
1889,1889,0,471,0000,ffff,fe0,0aa,1
1890,1890,0,472,0000,ffff,fe4,0aa,1
1891,1891,0,473,0000,ffff,fe8,0aa,1
1892,1892,0,474,0000,ffff,fec,0aa,1
1893,1893,0,475,0000,ffff,ff0,0aa,1
1894,1894,0,476,0000,ffff,ff4,0aa,1
1895,1895,0,477,0000,ffff,ff8,0aa,1
1896,1896,0,478,0000,ffff,ffc,0aa,1
1897,1897,0,479,0000,ffff,000,0aa,1
1898,1898,0,480,0000,ffff,004,0aa,1
1899,1899,0,481,0000,ffff,008,0aa,1
1900,1900,0,482,0000,ffff,00c,0aa,1
1901,1901,0,483,0000,ffff,010,0aa,1
1902,1902,0,484,0000,ffff,014,0aa,1
1903,1903,0,485,0078,ffff,018,0aa,1
1904,1904,0,486,099a,ffff,01c,0aa,1
1905,1905,0,487,4381,ffff,020,0aa,1
1906,1906,0,488,ffff,c8e9,024,0aa,1
1907,1907,0,489,ffff,37af,028,0aa,1
1908,1908,0,490,ffff,1384,02c,0aa,1
1909,1909,0,491,ffff,08e2,030,0aa,1
1910,1910,0,492,ffff,04a9,034,0aa,1
1911,1911,0,493,ffff,02c7,038,0aa,1
1912,1912,0,494,ffff,01d2,03c,0aa,1
1913,1913,0,495,ffff,0148,040,0aa,1
1914,1914,0,496,ffff,0210,fc0,0a4,1
1915,1915,0,497,ffff,03e8,fc4,0a4,1
1916,1916,0,498,ffff,0bf7,fc8,0a4,1
1917,1917,0,499,ffff,55e9,fcc,0a4,1
1918,1918,0,500,2553,ffff,fd0,0a4,1
1919,1919,0,501,006c,ffff,fd4,0a4,1
1920,1920,0,502,0000,ffff,fd8,0a4,1
1921,1921,0,503,0000,ffff,fdc,0a4,1
1922,1922,0,504,0000,ffff,fe0,0a4,1
1923,1923,0,505,0000,ffff,fe4,0a4,1
1924,1924,0,506,0000,ffff,fe8,0a4,1
1925,1925,0,507,0000,ffff,fec,0a4,1
1926,1926,0,508,0000,ffff,ff0,0a4,1
1927,1927,0,509,0000,ffff,ff4,0a4,1
1928,1928,0,510,0000,ffff,ff8,0a4,1
1929,1929,0,511,0000,ffff,ffc,0a4,1
1930,1930,0,512,0000,ffff,000,0a4,1
1931,1931,0,513,0000,ffff,004,0a4,1
1932,1932,0,514,0000,ffff,008,0a4,1
1933,1933,0,515,0000,ffff,00c,0a4,1
1934,1934,0,516,0000,ffff,010,0a4,1
1935,1935,0,517,0000,ffff,014,0a4,1
1936,1936,0,518,0063,ffff,018,0a4,1
1937,1937,0,519,05c0,ffff,01c,0a4,1
1938,1938,0,520,2eb2,ffff,020,0a4,1
1939,1939,0,521,ffff,fd17,024,0a4,1
1940,1940,0,522,ffff,41a5,028,0a4,1
1941,1941,0,523,ffff,1626,02c,0a4,1
1942,1942,0,524,ffff,093a,030,0a4,1
1943,1943,0,525,ffff,04b2,034,0a4,1
1944,1944,0,526,ffff,02eb,038,0a4,1
1945,1945,0,527,ffff,01e4,03c,0a4,1
1946,1946,0,528,ffff,014e,040,0a4,1
1947,1947,0,529,ffff,020d,fc0,09e,1
1948,1948,0,530,ffff,0411,fc4,09e,1
1949,1949,0,531,ffff,0d96,fc8,09e,1
1950,1950,0,532,ffff,6a87,fcc,09e,1
1951,1951,0,533,1ba8,ffff,fd0,09e,1
1952,1952,0,534,0029,ffff,fd4,09e,1
1953,1953,0,535,0000,ffff,fd8,09e,1
1954,1954,0,536,0000,ffff,fdc,09e,1
1955,1955,0,537,0000,ffff,fe0,09e,1
1956,1956,0,538,0000,ffff,fe4,09e,1
1957,1957,0,539,0000,ffff,fe8,09e,1
1958,1958,0,540,0000,ffff,fec,09e,1
1959,1959,0,541,0000,ffff,ff0,09e,1
1960,1960,0,542,0000,ffff,ff4,09e,1
1961,1961,0,543,0000,ffff,ff8,09e,1
1962,1962,0,544,0000,ffff,ffc,09e,1
1963,1963,0,545,0000,ffff,000,09e,1
1964,1964,0,546,0000,ffff,004,09e,1
1965,1965,0,547,0000,ffff,008,09e,1
1966,1966,0,548,0000,ffff,00c,09e,1
1967,1967,0,549,0000,ffff,010,09e,1
1968,1968,0,550,0000,ffff,014,09e,1
1969,1969,0,551,001a,ffff,018,09e,1
1970,1970,0,552,03d0,ffff,01c,09e,1
1971,1971,0,553,2516,ffff,020,09e,1
1972,1972,0,554,d72d,ffff,024,09e,1
1973,1973,0,555,ffff,4b37,028,09e,1
1974,1974,0,556,ffff,1795,02c,09e,1
1975,1975,0,557,ffff,0958,030,09e,1
1976,1976,0,558,ffff,04eb,034,09e,1
1977,1977,0,559,ffff,02e8,038,09e,1
1978,1978,0,560,ffff,01e9,03c,09e,1
1979,1979,0,561,ffff,0153,040,09e,1
1980,1980,0,562,ffff,0202,fc0,098,1
1981,1981,0,563,ffff,0425,fc4,098,1
1982,1982,0,564,ffff,0f26,fc8,098,1
1983,1983,0,565,ffff,8a0d,fcc,098,1
1984,1984,0,566,10ec,ffff,fd0,098,1
1985,1985,0,567,0016,ffff,fd4,098,1
1986,1986,0,568,0000,ffff,fd8,098,1
1987,1987,0,569,0000,ffff,fdc,098,1
1988,1988,0,570,0000,ffff,fe0,098,1
1989,1989,0,571,0000,ffff,fe4,098,1
1990,1990,0,572,0000,ffff,fe8,098,1
1991,1991,0,573,0000,ffff,fec,098,1
1992,1992,0,574,0000,ffff,ff0,098,1
1993,1993,0,575,0000,ffff,ff4,098,1
1994,1994,0,576,0000,ffff,ff8,098,1
1995,1995,0,577,0000,ffff,ffc,098,1
1996,1996,0,578,0000,ffff,000,098,1
1997,1997,0,579,0000,ffff,004,098,1
1998,1998,0,580,0000,ffff,008,098,1
1999,1999,0,581,0000,ffff,00c,098,1
2000,2000,0,582,0000,ffff,010,098,1
2001,2001,0,583,0000,ffff,014,098,1
2002,2002,0,584,000f,ffff,018,098,1
2003,2003,0,585,02c3,ffff,01c,098,1
2004,2004,0,586,1b8e,ffff,020,098,1
2005,2005,0,587,a884,ffff,024,098,1
2006,2006,0,588,ffff,59a4,028,098,1
2007,2007,0,589,ffff,1a53,02c,098,1
2008,2008,0,590,ffff,0a3b,030,098,1
2009,2009,0,591,ffff,04fd,034,098,1
2010,2010,0,592,ffff,02ff,038,098,1
2011,2011,0,593,ffff,01f4,03c,098,1
2012,2012,0,594,ffff,015d,040,098,1
2013,2013,0,595,ffff,01f6,fc0,092,1
2014,2014,0,596,ffff,0429,fc4,092,1
2015,2015,0,597,ffff,1117,fc8,092,1
2016,2016,0,598,ffff,aba7,fcc,092,1
2017,2017,0,599,0b87,ffff,fd0,092,1
2018,2018,0,600,0009,ffff,fd4,092,1
2019,2019,0,601,0000,ffff,fd8,092,1
2020,2020,0,602,0000,ffff,fdc,092,1
2021,2021,0,603,0000,ffff,fe0,092,1
2022,2022,0,604,0000,ffff,fe4,092,1
2023,2023,0,605,0000,ffff,fe8,092,1
2024,2024,0,606,0000,ffff,fec,092,1
2025,2025,0,607,0000,ffff,ff0,092,1
2026,2026,0,608,0000,ffff,ff4,092,1
2027,2027,0,609,0000,ffff,ff8,092,1
2028,2028,0,610,0000,ffff,ffc,092,1
2029,2029,0,611,0000,ffff,000,092,1
2030,2030,0,612,0000,ffff,004,092,1
2031,2031,0,613,0000,ffff,008,092,1
2032,2032,0,614,0000,ffff,00c,092,1
2033,2033,0,615,0000,ffff,010,092,1
2034,2034,0,616,0000,ffff,014,092,1
2035,2035,0,617,000d,ffff,018,092,1
2036,2036,0,618,019a,ffff,01c,092,1
2037,2037,0,619,1615,ffff,020,092,1
2038,2038,0,620,9746,ffff,024,092,1
2039,2039,0,621,ffff,5f83,028,092,1
2040,2040,0,622,ffff,1c47,02c,092,1
2041,2041,0,623,ffff,0abd,030,092,1
2042,2042,0,624,ffff,053d,034,092,1
2043,2043,0,625,ffff,0308,038,092,1
2044,2044,0,626,ffff,01ff,03c,092,1
2045,2045,0,627,ffff,0157,040,092,1
2046,2046,0,628,ffff,01f3,fc0,08c,1
2047,2047,0,629,ffff,043a,fc4,08c,1
